ID_DH,LYDOHUY,GHICHU
6,Đặt trùng,AAA
12,Đổi hình thức thanh toán,AAA
15,Thay đổi địa chỉ giao hàng,AAA
16,Thời gian giao hàng qua lâu/sớm,AAA
18,Không còn nhu cầu,AAA
32,Thêm bớt sản phẩm ,AAA
43,Muốn đặt lại trên Tiki App,AAA
48,Đặt trùng,AAA
55,Đổi hình thức thanh toán,AAA
61,Thay đổi địa chỉ giao hàng,AAA
70,Thời gian giao hàng qua lâu/sớm,AAA
77,Không còn nhu cầu,AAA
85,Thêm bớt sản phẩm ,AAA
88,Muốn đặt lại trên Tiki App,AAA
90,Đặt trùng,AAA
95,Đổi hình thức thanh toán,AAA
96,Thay đổi địa chỉ giao hàng,AAA
99,Thời gian giao hàng qua lâu/sớm,AAA
104,Không còn nhu cầu,AAA
110,Thêm bớt sản phẩm ,AAA
118,Muốn đặt lại trên Tiki App,AAA
129,Đặt trùng,AAA
133,Đổi hình thức thanh toán,AAA
141,Thay đổi địa chỉ giao hàng,AAA
146,Thời gian giao hàng qua lâu/sớm,AAA
149,Không còn nhu cầu,AAA
153,Thêm bớt sản phẩm ,AAA
155,Muốn đặt lại trên Tiki App,AAA
177,Đặt trùng,AAA
179,Đổi hình thức thanh toán,AAA
193,Thay đổi địa chỉ giao hàng,AAA
217,Thời gian giao hàng qua lâu/sớm,AAA
218,Không còn nhu cầu,AAA
224,Thêm bớt sản phẩm ,AAA
234,Muốn đặt lại trên Tiki App,AAA
243,Đặt trùng,AAA
257,Đổi hình thức thanh toán,AAA
265,Thay đổi địa chỉ giao hàng,AAA
269,Thời gian giao hàng qua lâu/sớm,AAA
282,Không còn nhu cầu,AAA
286,Thêm bớt sản phẩm ,AAA
293,Muốn đặt lại trên Tiki App,AAA
295,Đặt trùng,AAA
297,Đổi hình thức thanh toán,AAA
303,Thay đổi địa chỉ giao hàng,AAA
306,Thời gian giao hàng qua lâu/sớm,AAA
309,Không còn nhu cầu,AAA
310,Thêm bớt sản phẩm ,AAA
314,Muốn đặt lại trên Tiki App,AAA
321,Đặt trùng,AAA
322,Đổi hình thức thanh toán,AAA
348,Thay đổi địa chỉ giao hàng,AAA
353,Thời gian giao hàng qua lâu/sớm,AAA
359,Không còn nhu cầu,AAA
362,Thêm bớt sản phẩm ,AAA
364,Muốn đặt lại trên Tiki App,AAA
366,Đặt trùng,AAA
376,Đổi hình thức thanh toán,AAA
382,Thay đổi địa chỉ giao hàng,AAA
384,Thời gian giao hàng qua lâu/sớm,AAA
388,Không còn nhu cầu,AAA
390,Thêm bớt sản phẩm ,AAA
394,Muốn đặt lại trên Tiki App,AAA
412,Đặt trùng,AAA
420,Đổi hình thức thanh toán,AAA
424,Thay đổi địa chỉ giao hàng,AAA
425,Thời gian giao hàng qua lâu/sớm,AAA
426,Không còn nhu cầu,AAA
429,Thêm bớt sản phẩm ,AAA
435,Muốn đặt lại trên Tiki App,AAA
450,Đặt trùng,AAA
452,Đổi hình thức thanh toán,AAA
459,Thay đổi địa chỉ giao hàng,AAA
462,Thời gian giao hàng qua lâu/sớm,AAA
463,Không còn nhu cầu,AAA
469,Thêm bớt sản phẩm ,AAA
477,Muốn đặt lại trên Tiki App,AAA
484,Đặt trùng,AAA
489,Đổi hình thức thanh toán,AAA
498,Thay đổi địa chỉ giao hàng,AAA
499,Thời gian giao hàng qua lâu/sớm,AAA
503,Không còn nhu cầu,AAA
508,Thêm bớt sản phẩm ,AAA
515,Muốn đặt lại trên Tiki App,AAA
518,Đặt trùng,AAA
523,Đổi hình thức thanh toán,AAA
528,Thay đổi địa chỉ giao hàng,AAA
534,Thời gian giao hàng qua lâu/sớm,AAA
537,Không còn nhu cầu,AAA
546,Thêm bớt sản phẩm ,AAA
554,Muốn đặt lại trên Tiki App,AAA
555,Đặt trùng,AAA
558,Đổi hình thức thanh toán,AAA
566,Thay đổi địa chỉ giao hàng,AAA
577,Thời gian giao hàng qua lâu/sớm,AAA
585,Không còn nhu cầu,AAA
589,Thêm bớt sản phẩm ,AAA
592,Muốn đặt lại trên Tiki App,AAA
601,Đặt trùng,AAA
604,Đổi hình thức thanh toán,AAA
606,Thay đổi địa chỉ giao hàng,AAA
608,Thời gian giao hàng qua lâu/sớm,AAA
616,Không còn nhu cầu,AAA
618,Thêm bớt sản phẩm ,AAA
621,Muốn đặt lại trên Tiki App,AAA
622,Đặt trùng,AAA
625,Đổi hình thức thanh toán,AAA
627,Thay đổi địa chỉ giao hàng,AAA
628,Thời gian giao hàng qua lâu/sớm,AAA
635,Không còn nhu cầu,AAA
656,Thêm bớt sản phẩm ,AAA
658,Muốn đặt lại trên Tiki App,AAA
661,Đặt trùng,AAA
666,Đổi hình thức thanh toán,AAA
667,Thay đổi địa chỉ giao hàng,AAA
669,Thời gian giao hàng qua lâu/sớm,AAA
683,Không còn nhu cầu,AAA
689,Thêm bớt sản phẩm ,AAA
690,Muốn đặt lại trên Tiki App,AAA
692,Đặt trùng,AAA
697,Đổi hình thức thanh toán,AAA
699,Thay đổi địa chỉ giao hàng,AAA
701,Thời gian giao hàng qua lâu/sớm,AAA
703,Không còn nhu cầu,AAA
708,Thêm bớt sản phẩm ,AAA
710,Muốn đặt lại trên Tiki App,AAA
712,Đặt trùng,AAA
723,Đổi hình thức thanh toán,AAA
724,Thay đổi địa chỉ giao hàng,AAA
729,Thời gian giao hàng qua lâu/sớm,AAA
731,Không còn nhu cầu,AAA
739,Thêm bớt sản phẩm ,AAA
740,Muốn đặt lại trên Tiki App,AAA
743,Đặt trùng,AAA
744,Đổi hình thức thanh toán,AAA
752,Thay đổi địa chỉ giao hàng,AAA
755,Thời gian giao hàng qua lâu/sớm,AAA
758,Không còn nhu cầu,AAA
759,Thêm bớt sản phẩm ,AAA
761,Muốn đặt lại trên Tiki App,AAA
770,Đặt trùng,AAA
775,Đổi hình thức thanh toán,AAA
778,Thay đổi địa chỉ giao hàng,AAA
786,Thời gian giao hàng qua lâu/sớm,AAA
795,Không còn nhu cầu,AAA
807,Thêm bớt sản phẩm ,AAA
808,Muốn đặt lại trên Tiki App,AAA
812,Đặt trùng,AAA
816,Đổi hình thức thanh toán,AAA
823,Thay đổi địa chỉ giao hàng,AAA
826,Thời gian giao hàng qua lâu/sớm,AAA
828,Không còn nhu cầu,AAA
831,Thêm bớt sản phẩm ,AAA
834,Muốn đặt lại trên Tiki App,AAA
838,Đặt trùng,AAA
845,Đổi hình thức thanh toán,AAA
859,Thay đổi địa chỉ giao hàng,AAA
862,Thời gian giao hàng qua lâu/sớm,AAA
866,Không còn nhu cầu,AAA
871,Thêm bớt sản phẩm ,AAA
881,Muốn đặt lại trên Tiki App,AAA
882,Đặt trùng,AAA
883,Đổi hình thức thanh toán,AAA
885,Thay đổi địa chỉ giao hàng,AAA
886,Thời gian giao hàng qua lâu/sớm,AAA
893,Không còn nhu cầu,AAA
899,Thêm bớt sản phẩm ,AAA
901,Muốn đặt lại trên Tiki App,AAA
907,Đặt trùng,AAA
910,Đổi hình thức thanh toán,AAA
928,Thay đổi địa chỉ giao hàng,AAA
930,Thời gian giao hàng qua lâu/sớm,AAA
943,Không còn nhu cầu,AAA
949,Thêm bớt sản phẩm ,AAA
961,Muốn đặt lại trên Tiki App,AAA
962,Đặt trùng,AAA
966,Đổi hình thức thanh toán,AAA
969,Thay đổi địa chỉ giao hàng,AAA
970,Thời gian giao hàng qua lâu/sớm,AAA
972,Không còn nhu cầu,AAA
974,Thêm bớt sản phẩm ,AAA
979,Muốn đặt lại trên Tiki App,AAA
981,Đặt trùng,AAA
983,Đổi hình thức thanh toán,AAA
985,Thay đổi địa chỉ giao hàng,AAA
989,Thời gian giao hàng qua lâu/sớm,AAA
1007,Không còn nhu cầu,AAA
1009,Thêm bớt sản phẩm ,AAA
1017,Muốn đặt lại trên Tiki App,AAA
1022,Đặt trùng,AAA
1038,Đổi hình thức thanh toán,AAA
1039,Thay đổi địa chỉ giao hàng,AAA
1046,Thời gian giao hàng qua lâu/sớm,AAA
1065,Không còn nhu cầu,AAA
1068,Thêm bớt sản phẩm ,AAA
1072,Muốn đặt lại trên Tiki App,AAA
1082,Đặt trùng,AAA
1083,Đổi hình thức thanh toán,AAA
1085,Thay đổi địa chỉ giao hàng,AAA
1089,Thời gian giao hàng qua lâu/sớm,AAA
1094,Không còn nhu cầu,AAA
1101,Thêm bớt sản phẩm ,AAA
1118,Muốn đặt lại trên Tiki App,AAA
1123,Đặt trùng,AAA
1124,Đổi hình thức thanh toán,AAA
1134,Thay đổi địa chỉ giao hàng,AAA
1159,Thời gian giao hàng qua lâu/sớm,AAA
1161,Không còn nhu cầu,AAA
1184,Thêm bớt sản phẩm ,AAA
1186,Muốn đặt lại trên Tiki App,AAA
1192,Đặt trùng,AAA
1198,Đổi hình thức thanh toán,AAA
1200,Thay đổi địa chỉ giao hàng,AAA
1205,Thời gian giao hàng qua lâu/sớm,AAA
1210,Không còn nhu cầu,AAA
1222,Thêm bớt sản phẩm ,AAA
1224,Muốn đặt lại trên Tiki App,AAA
1237,Đặt trùng,AAA
1239,Đổi hình thức thanh toán,AAA
1244,Thay đổi địa chỉ giao hàng,AAA
1249,Thời gian giao hàng qua lâu/sớm,AAA
1252,Không còn nhu cầu,AAA
1265,Thêm bớt sản phẩm ,AAA
1298,Muốn đặt lại trên Tiki App,AAA
1300,Đặt trùng,AAA
1303,Đổi hình thức thanh toán,AAA
1306,Thay đổi địa chỉ giao hàng,AAA
1310,Thời gian giao hàng qua lâu/sớm,AAA
1312,Không còn nhu cầu,AAA
1313,Thêm bớt sản phẩm ,AAA
1320,Muốn đặt lại trên Tiki App,AAA
1324,Đặt trùng,AAA
1327,Đổi hình thức thanh toán,AAA
1336,Thay đổi địa chỉ giao hàng,AAA
1353,Thời gian giao hàng qua lâu/sớm,AAA
1361,Không còn nhu cầu,AAA
1365,Thêm bớt sản phẩm ,AAA
1369,Muốn đặt lại trên Tiki App,AAA
1379,Đặt trùng,AAA
1382,Đổi hình thức thanh toán,AAA
1383,Thay đổi địa chỉ giao hàng,AAA
1384,Thời gian giao hàng qua lâu/sớm,AAA
1393,Không còn nhu cầu,AAA
1410,Thêm bớt sản phẩm ,AAA
1419,Muốn đặt lại trên Tiki App,AAA
1425,Đặt trùng,AAA
1452,Đổi hình thức thanh toán,AAA
1454,Thay đổi địa chỉ giao hàng,AAA
1460,Thời gian giao hàng qua lâu/sớm,AAA
1462,Không còn nhu cầu,AAA
1480,Thêm bớt sản phẩm ,AAA
1481,Muốn đặt lại trên Tiki App,AAA
1487,Đặt trùng,AAA
1490,Đổi hình thức thanh toán,AAA
1511,Thay đổi địa chỉ giao hàng,AAA
1526,Thời gian giao hàng qua lâu/sớm,AAA
1531,Không còn nhu cầu,AAA
1538,Thêm bớt sản phẩm ,AAA
1545,Muốn đặt lại trên Tiki App,AAA
1552,Đặt trùng,AAA
1557,Đổi hình thức thanh toán,AAA
1566,Thay đổi địa chỉ giao hàng,AAA
1571,Thời gian giao hàng qua lâu/sớm,AAA
1583,Không còn nhu cầu,AAA
1586,Thêm bớt sản phẩm ,AAA
1589,Muốn đặt lại trên Tiki App,AAA
1595,Đặt trùng,AAA
1596,Đổi hình thức thanh toán,AAA
1600,Thay đổi địa chỉ giao hàng,AAA
1608,Thời gian giao hàng qua lâu/sớm,AAA
1609,Không còn nhu cầu,AAA
1615,Thêm bớt sản phẩm ,AAA
1618,Muốn đặt lại trên Tiki App,AAA
1627,Đặt trùng,AAA
1633,Đổi hình thức thanh toán,AAA
1647,Thay đổi địa chỉ giao hàng,AAA
1668,Thời gian giao hàng qua lâu/sớm,AAA
1677,Không còn nhu cầu,AAA
1678,Thêm bớt sản phẩm ,AAA
1684,Muốn đặt lại trên Tiki App,AAA
1692,Đặt trùng,AAA
1704,Đổi hình thức thanh toán,AAA
1707,Thay đổi địa chỉ giao hàng,AAA
1730,Thời gian giao hàng qua lâu/sớm,AAA
1738,Không còn nhu cầu,AAA
1745,Thêm bớt sản phẩm ,AAA
1757,Muốn đặt lại trên Tiki App,AAA
1758,Đặt trùng,AAA
1770,Đổi hình thức thanh toán,AAA
1782,Thay đổi địa chỉ giao hàng,AAA
1786,Thời gian giao hàng qua lâu/sớm,AAA
1788,Không còn nhu cầu,AAA
1789,Thêm bớt sản phẩm ,AAA
1803,Muốn đặt lại trên Tiki App,AAA
1804,Đặt trùng,AAA
1805,Đổi hình thức thanh toán,AAA
1807,Thay đổi địa chỉ giao hàng,AAA
1810,Thời gian giao hàng qua lâu/sớm,AAA
1826,Không còn nhu cầu,AAA
1828,Thêm bớt sản phẩm ,AAA
1844,Muốn đặt lại trên Tiki App,AAA
1857,Đặt trùng,AAA
1871,Đổi hình thức thanh toán,AAA
1872,Thay đổi địa chỉ giao hàng,AAA
1873,Thời gian giao hàng qua lâu/sớm,AAA
1883,Không còn nhu cầu,AAA
1887,Thêm bớt sản phẩm ,AAA
1892,Muốn đặt lại trên Tiki App,AAA
1898,Đặt trùng,AAA
1900,Đổi hình thức thanh toán,AAA
1903,Thay đổi địa chỉ giao hàng,AAA
1908,Thời gian giao hàng qua lâu/sớm,AAA
1913,Không còn nhu cầu,AAA
1915,Thêm bớt sản phẩm ,AAA
1922,Muốn đặt lại trên Tiki App,AAA
1931,Đặt trùng,AAA
1936,Đổi hình thức thanh toán,AAA
1942,Thay đổi địa chỉ giao hàng,AAA
1944,Thời gian giao hàng qua lâu/sớm,AAA
1951,Không còn nhu cầu,AAA
1954,Thêm bớt sản phẩm ,AAA
1956,Muốn đặt lại trên Tiki App,AAA
1992,Đặt trùng,AAA
1994,Đổi hình thức thanh toán,AAA
2000,Thay đổi địa chỉ giao hàng,AAA
2010,Thời gian giao hàng qua lâu/sớm,AAA
2020,Không còn nhu cầu,AAA
2022,Thêm bớt sản phẩm ,AAA
2027,Muốn đặt lại trên Tiki App,AAA
2037,Đặt trùng,AAA
2042,Đổi hình thức thanh toán,AAA
2054,Thay đổi địa chỉ giao hàng,AAA
2068,Thời gian giao hàng qua lâu/sớm,AAA
2070,Không còn nhu cầu,AAA
2072,Thêm bớt sản phẩm ,AAA
2073,Muốn đặt lại trên Tiki App,AAA
2078,Đặt trùng,AAA
2080,Đổi hình thức thanh toán,AAA
2084,Thay đổi địa chỉ giao hàng,AAA
2086,Thời gian giao hàng qua lâu/sớm,AAA
2094,Không còn nhu cầu,AAA
2095,Thêm bớt sản phẩm ,AAA
2101,Muốn đặt lại trên Tiki App,AAA
2104,Đặt trùng,AAA
2113,Đổi hình thức thanh toán,AAA
2128,Thay đổi địa chỉ giao hàng,AAA
2132,Thời gian giao hàng qua lâu/sớm,AAA
2135,Không còn nhu cầu,AAA
2137,Thêm bớt sản phẩm ,AAA
2145,Muốn đặt lại trên Tiki App,AAA
2148,Đặt trùng,AAA
2151,Đổi hình thức thanh toán,AAA
2153,Thay đổi địa chỉ giao hàng,AAA
2156,Thời gian giao hàng qua lâu/sớm,AAA
2160,Không còn nhu cầu,AAA
2161,Thêm bớt sản phẩm ,AAA
2171,Muốn đặt lại trên Tiki App,AAA
2172,Đặt trùng,AAA
2178,Đổi hình thức thanh toán,AAA
2193,Thay đổi địa chỉ giao hàng,AAA
2201,Thời gian giao hàng qua lâu/sớm,AAA
2206,Không còn nhu cầu,AAA
2207,Thêm bớt sản phẩm ,AAA
2217,Muốn đặt lại trên Tiki App,AAA
2219,Đặt trùng,AAA
2228,Đổi hình thức thanh toán,AAA
2236,Thay đổi địa chỉ giao hàng,AAA
2245,Thời gian giao hàng qua lâu/sớm,AAA
2250,Không còn nhu cầu,AAA
2258,Thêm bớt sản phẩm ,AAA
2260,Muốn đặt lại trên Tiki App,AAA
2261,Đặt trùng,AAA
2265,Đổi hình thức thanh toán,AAA
2271,Thay đổi địa chỉ giao hàng,AAA
2285,Thời gian giao hàng qua lâu/sớm,AAA
2299,Không còn nhu cầu,AAA
2301,Thêm bớt sản phẩm ,AAA
2302,Muốn đặt lại trên Tiki App,AAA
2305,Đặt trùng,AAA
2314,Đổi hình thức thanh toán,AAA
2335,Thay đổi địa chỉ giao hàng,AAA
2344,Thời gian giao hàng qua lâu/sớm,AAA
2347,Không còn nhu cầu,AAA
2349,Thêm bớt sản phẩm ,AAA
2353,Muốn đặt lại trên Tiki App,AAA
2354,Đặt trùng,AAA
2374,Đổi hình thức thanh toán,AAA
2377,Thay đổi địa chỉ giao hàng,AAA
2382,Thời gian giao hàng qua lâu/sớm,AAA
2383,Không còn nhu cầu,AAA
2384,Thêm bớt sản phẩm ,AAA
2385,Muốn đặt lại trên Tiki App,AAA
2394,Đặt trùng,AAA
2401,Đổi hình thức thanh toán,AAA
2407,Thay đổi địa chỉ giao hàng,AAA
2415,Thời gian giao hàng qua lâu/sớm,AAA
2419,Không còn nhu cầu,AAA
2456,Thêm bớt sản phẩm ,AAA
2459,Muốn đặt lại trên Tiki App,AAA
2460,Đặt trùng,AAA
2463,Đổi hình thức thanh toán,AAA
2470,Thay đổi địa chỉ giao hàng,AAA
2471,Thời gian giao hàng qua lâu/sớm,AAA
2472,Không còn nhu cầu,AAA
2475,Thêm bớt sản phẩm ,AAA
2484,Muốn đặt lại trên Tiki App,AAA
2486,Đặt trùng,AAA
2491,Đổi hình thức thanh toán,AAA
2500,Thay đổi địa chỉ giao hàng,AAA
2515,Thời gian giao hàng qua lâu/sớm,AAA
2518,Không còn nhu cầu,AAA
2525,Thêm bớt sản phẩm ,AAA
2529,Muốn đặt lại trên Tiki App,AAA
2538,Đặt trùng,AAA
2542,Đổi hình thức thanh toán,AAA
2550,Thay đổi địa chỉ giao hàng,AAA
2562,Thời gian giao hàng qua lâu/sớm,AAA
2571,Không còn nhu cầu,AAA
2584,Thêm bớt sản phẩm ,AAA
2586,Muốn đặt lại trên Tiki App,AAA
2595,Đặt trùng,AAA
2599,Đổi hình thức thanh toán,AAA
2600,Thay đổi địa chỉ giao hàng,AAA
2605,Thời gian giao hàng qua lâu/sớm,AAA
2617,Không còn nhu cầu,AAA
2627,Thêm bớt sản phẩm ,AAA
2635,Muốn đặt lại trên Tiki App,AAA
2646,Đặt trùng,AAA
2647,Đổi hình thức thanh toán,AAA
2650,Thay đổi địa chỉ giao hàng,AAA
2653,Thời gian giao hàng qua lâu/sớm,AAA
2658,Không còn nhu cầu,AAA
2664,Thêm bớt sản phẩm ,AAA
2669,Muốn đặt lại trên Tiki App,AAA
2676,Đặt trùng,AAA
2678,Đổi hình thức thanh toán,AAA
2689,Thay đổi địa chỉ giao hàng,AAA
2692,Thời gian giao hàng qua lâu/sớm,AAA
2697,Không còn nhu cầu,AAA
2711,Thêm bớt sản phẩm ,AAA
2714,Muốn đặt lại trên Tiki App,AAA
2717,Đặt trùng,AAA
2728,Đổi hình thức thanh toán,AAA
2729,Thay đổi địa chỉ giao hàng,AAA
2732,Thời gian giao hàng qua lâu/sớm,AAA
2757,Không còn nhu cầu,AAA
2758,Thêm bớt sản phẩm ,AAA
2761,Muốn đặt lại trên Tiki App,AAA
2766,Đặt trùng,AAA
2770,Đổi hình thức thanh toán,AAA
2774,Thay đổi địa chỉ giao hàng,AAA
2778,Thời gian giao hàng qua lâu/sớm,AAA
2782,Không còn nhu cầu,AAA
2785,Thêm bớt sản phẩm ,AAA
2792,Muốn đặt lại trên Tiki App,AAA
2793,Đặt trùng,AAA
2798,Đổi hình thức thanh toán,AAA
2814,Thay đổi địa chỉ giao hàng,AAA
2815,Thời gian giao hàng qua lâu/sớm,AAA
2817,Không còn nhu cầu,AAA
2825,Thêm bớt sản phẩm ,AAA
2830,Muốn đặt lại trên Tiki App,AAA
2836,Đặt trùng,AAA
2839,Đổi hình thức thanh toán,AAA
2848,Thay đổi địa chỉ giao hàng,AAA
2856,Thời gian giao hàng qua lâu/sớm,AAA
2860,Không còn nhu cầu,AAA
2861,Thêm bớt sản phẩm ,AAA
2870,Muốn đặt lại trên Tiki App,AAA
2873,Đặt trùng,AAA
2875,Đổi hình thức thanh toán,AAA
2878,Thay đổi địa chỉ giao hàng,AAA
2899,Thời gian giao hàng qua lâu/sớm,AAA
2901,Không còn nhu cầu,AAA
2907,Thêm bớt sản phẩm ,AAA
2908,Muốn đặt lại trên Tiki App,AAA
2918,Đặt trùng,AAA
2919,Đổi hình thức thanh toán,AAA
2924,Thay đổi địa chỉ giao hàng,AAA
2926,Thời gian giao hàng qua lâu/sớm,AAA
2930,Không còn nhu cầu,AAA
2932,Thêm bớt sản phẩm ,AAA
2935,Muốn đặt lại trên Tiki App,AAA
2937,Đặt trùng,AAA
2961,Đổi hình thức thanh toán,AAA
2965,Thay đổi địa chỉ giao hàng,AAA
2978,Thời gian giao hàng qua lâu/sớm,AAA
3003,Không còn nhu cầu,AAA
3005,Thêm bớt sản phẩm ,AAA
3006,Muốn đặt lại trên Tiki App,AAA
3012,Đặt trùng,AAA
3016,Đổi hình thức thanh toán,AAA
3017,Thay đổi địa chỉ giao hàng,AAA
3020,Thời gian giao hàng qua lâu/sớm,AAA
3021,Không còn nhu cầu,AAA
3022,Thêm bớt sản phẩm ,AAA
3026,Muốn đặt lại trên Tiki App,AAA
3030,Đặt trùng,AAA
3038,Đổi hình thức thanh toán,AAA
3046,Thay đổi địa chỉ giao hàng,AAA
3049,Thời gian giao hàng qua lâu/sớm,AAA
3052,Không còn nhu cầu,AAA
3060,Thêm bớt sản phẩm ,AAA
3063,Muốn đặt lại trên Tiki App,AAA
3065,Đặt trùng,AAA
3073,Đổi hình thức thanh toán,AAA
3078,Thay đổi địa chỉ giao hàng,AAA
3089,Thời gian giao hàng qua lâu/sớm,AAA
3090,Không còn nhu cầu,AAA
3097,Thêm bớt sản phẩm ,AAA
3105,Muốn đặt lại trên Tiki App,AAA
3108,Đặt trùng,AAA
3119,Đổi hình thức thanh toán,AAA
3121,Thay đổi địa chỉ giao hàng,AAA
3140,Thời gian giao hàng qua lâu/sớm,AAA
3145,Không còn nhu cầu,AAA
3149,Thêm bớt sản phẩm ,AAA
3153,Muốn đặt lại trên Tiki App,AAA
3157,Đặt trùng,AAA
3160,Đổi hình thức thanh toán,AAA
3166,Thay đổi địa chỉ giao hàng,AAA
3167,Thời gian giao hàng qua lâu/sớm,AAA
3169,Không còn nhu cầu,AAA
3171,Thêm bớt sản phẩm ,AAA
3174,Muốn đặt lại trên Tiki App,AAA
3181,Đặt trùng,AAA
3191,Đổi hình thức thanh toán,AAA
3192,Thay đổi địa chỉ giao hàng,AAA
3194,Thời gian giao hàng qua lâu/sớm,AAA
3197,Không còn nhu cầu,AAA
3200,Thêm bớt sản phẩm ,AAA
3208,Muốn đặt lại trên Tiki App,AAA
3213,Đặt trùng,AAA
3216,Đổi hình thức thanh toán,AAA
3221,Thay đổi địa chỉ giao hàng,AAA
3222,Thời gian giao hàng qua lâu/sớm,AAA
3230,Không còn nhu cầu,AAA
3237,Thêm bớt sản phẩm ,AAA
3241,Muốn đặt lại trên Tiki App,AAA
3244,Đặt trùng,AAA
3248,Đổi hình thức thanh toán,AAA
3249,Thay đổi địa chỉ giao hàng,AAA
3253,Thời gian giao hàng qua lâu/sớm,AAA
3255,Không còn nhu cầu,AAA
3261,Thêm bớt sản phẩm ,AAA
3266,Muốn đặt lại trên Tiki App,AAA
3270,Đặt trùng,AAA
3272,Đổi hình thức thanh toán,AAA
3282,Thay đổi địa chỉ giao hàng,AAA
3298,Thời gian giao hàng qua lâu/sớm,AAA
3316,Không còn nhu cầu,AAA
3317,Thêm bớt sản phẩm ,AAA
3330,Muốn đặt lại trên Tiki App,AAA
3345,Đặt trùng,AAA
3351,Đổi hình thức thanh toán,AAA
3357,Thay đổi địa chỉ giao hàng,AAA
3360,Thời gian giao hàng qua lâu/sớm,AAA
3365,Không còn nhu cầu,AAA
3366,Thêm bớt sản phẩm ,AAA
3369,Muốn đặt lại trên Tiki App,AAA
3384,Đặt trùng,AAA
3390,Đổi hình thức thanh toán,AAA
3392,Thay đổi địa chỉ giao hàng,AAA
3400,Thời gian giao hàng qua lâu/sớm,AAA
3405,Không còn nhu cầu,AAA
3411,Thêm bớt sản phẩm ,AAA
3416,Muốn đặt lại trên Tiki App,AAA
3417,Đặt trùng,AAA
3440,Đổi hình thức thanh toán,AAA
3446,Thay đổi địa chỉ giao hàng,AAA
3455,Thời gian giao hàng qua lâu/sớm,AAA
3461,Không còn nhu cầu,AAA
3462,Thêm bớt sản phẩm ,AAA
3492,Muốn đặt lại trên Tiki App,AAA
3495,Đặt trùng,AAA
3504,Đổi hình thức thanh toán,AAA
3514,Thay đổi địa chỉ giao hàng,AAA
3522,Thời gian giao hàng qua lâu/sớm,AAA
3524,Không còn nhu cầu,AAA
3526,Thêm bớt sản phẩm ,AAA
3530,Muốn đặt lại trên Tiki App,AAA
3533,Đặt trùng,AAA
3537,Đổi hình thức thanh toán,AAA
3541,Thay đổi địa chỉ giao hàng,AAA
3553,Thời gian giao hàng qua lâu/sớm,AAA
3554,Không còn nhu cầu,AAA
3560,Thêm bớt sản phẩm ,AAA
3566,Muốn đặt lại trên Tiki App,AAA
3568,Đặt trùng,AAA
3570,Đổi hình thức thanh toán,AAA
3573,Thay đổi địa chỉ giao hàng,AAA
3576,Thời gian giao hàng qua lâu/sớm,AAA
3582,Không còn nhu cầu,AAA
3598,Thêm bớt sản phẩm ,AAA
3610,Muốn đặt lại trên Tiki App,AAA
3613,Đặt trùng,AAA
3620,Đổi hình thức thanh toán,AAA
3624,Thay đổi địa chỉ giao hàng,AAA
3629,Thời gian giao hàng qua lâu/sớm,AAA
3646,Không còn nhu cầu,AAA
3649,Thêm bớt sản phẩm ,AAA
3681,Muốn đặt lại trên Tiki App,AAA
3688,Đặt trùng,AAA
3689,Đổi hình thức thanh toán,AAA
3693,Thay đổi địa chỉ giao hàng,AAA
3697,Thời gian giao hàng qua lâu/sớm,AAA
3698,Không còn nhu cầu,AAA
3699,Thêm bớt sản phẩm ,AAA
3707,Muốn đặt lại trên Tiki App,AAA
3719,Đặt trùng,AAA
3733,Đổi hình thức thanh toán,AAA
3736,Thay đổi địa chỉ giao hàng,AAA
3753,Thời gian giao hàng qua lâu/sớm,AAA
3760,Không còn nhu cầu,AAA
3765,Thêm bớt sản phẩm ,AAA
3768,Muốn đặt lại trên Tiki App,AAA
3783,Đặt trùng,AAA
3784,Đổi hình thức thanh toán,AAA
3794,Thay đổi địa chỉ giao hàng,AAA
3801,Thời gian giao hàng qua lâu/sớm,AAA
3803,Không còn nhu cầu,AAA
3805,Thêm bớt sản phẩm ,AAA
3812,Muốn đặt lại trên Tiki App,AAA
3820,Đặt trùng,AAA
3821,Đổi hình thức thanh toán,AAA
3833,Thay đổi địa chỉ giao hàng,AAA
3844,Thời gian giao hàng qua lâu/sớm,AAA
3854,Không còn nhu cầu,AAA
3857,Thêm bớt sản phẩm ,AAA
3862,Muốn đặt lại trên Tiki App,AAA
3863,Đặt trùng,AAA
3866,Đổi hình thức thanh toán,AAA
3872,Thay đổi địa chỉ giao hàng,AAA
3874,Thời gian giao hàng qua lâu/sớm,AAA
3878,Không còn nhu cầu,AAA
3882,Thêm bớt sản phẩm ,AAA
3888,Muốn đặt lại trên Tiki App,AAA
3889,Đặt trùng,AAA
3892,Đổi hình thức thanh toán,AAA
3895,Thay đổi địa chỉ giao hàng,AAA
3906,Thời gian giao hàng qua lâu/sớm,AAA
3910,Không còn nhu cầu,AAA
3917,Thêm bớt sản phẩm ,AAA
3918,Muốn đặt lại trên Tiki App,AAA
3934,Đặt trùng,AAA
3944,Đổi hình thức thanh toán,AAA
3946,Thay đổi địa chỉ giao hàng,AAA
3947,Thời gian giao hàng qua lâu/sớm,AAA
3955,Không còn nhu cầu,AAA
3957,Thêm bớt sản phẩm ,AAA
3960,Muốn đặt lại trên Tiki App,AAA
3962,Đặt trùng,AAA
3969,Đổi hình thức thanh toán,AAA
3989,Thay đổi địa chỉ giao hàng,AAA
4000,Thời gian giao hàng qua lâu/sớm,AAA
4001,Không còn nhu cầu,AAA
4007,Thêm bớt sản phẩm ,AAA
4016,Muốn đặt lại trên Tiki App,AAA
4033,Đặt trùng,AAA
4036,Đổi hình thức thanh toán,AAA
4038,Thay đổi địa chỉ giao hàng,AAA
4047,Thời gian giao hàng qua lâu/sớm,AAA
4061,Không còn nhu cầu,AAA
4064,Thêm bớt sản phẩm ,AAA
4078,Muốn đặt lại trên Tiki App,AAA
4088,Đặt trùng,AAA
4101,Đổi hình thức thanh toán,AAA
4109,Thay đổi địa chỉ giao hàng,AAA
4111,Thời gian giao hàng qua lâu/sớm,AAA
4119,Không còn nhu cầu,AAA
4124,Thêm bớt sản phẩm ,AAA
4126,Muốn đặt lại trên Tiki App,AAA
4128,Đặt trùng,AAA
4130,Đổi hình thức thanh toán,AAA
4134,Thay đổi địa chỉ giao hàng,AAA
4142,Thời gian giao hàng qua lâu/sớm,AAA
4152,Không còn nhu cầu,AAA
4153,Thêm bớt sản phẩm ,AAA
4155,Muốn đặt lại trên Tiki App,AAA
4157,Đặt trùng,AAA
4164,Đổi hình thức thanh toán,AAA
4174,Thay đổi địa chỉ giao hàng,AAA
4175,Thời gian giao hàng qua lâu/sớm,AAA
4178,Không còn nhu cầu,AAA
4180,Thêm bớt sản phẩm ,AAA
4186,Muốn đặt lại trên Tiki App,AAA
4188,Đặt trùng,AAA
4191,Đổi hình thức thanh toán,AAA
4199,Thay đổi địa chỉ giao hàng,AAA
4208,Thời gian giao hàng qua lâu/sớm,AAA
4211,Không còn nhu cầu,AAA
4212,Thêm bớt sản phẩm ,AAA
4235,Muốn đặt lại trên Tiki App,AAA
4237,Đặt trùng,AAA
4246,Đổi hình thức thanh toán,AAA
4258,Thay đổi địa chỉ giao hàng,AAA
4267,Thời gian giao hàng qua lâu/sớm,AAA
4269,Không còn nhu cầu,AAA
4288,Thêm bớt sản phẩm ,AAA
4291,Muốn đặt lại trên Tiki App,AAA
4297,Đặt trùng,AAA
4298,Đổi hình thức thanh toán,AAA
4306,Thay đổi địa chỉ giao hàng,AAA
4308,Thời gian giao hàng qua lâu/sớm,AAA
4314,Không còn nhu cầu,AAA
4318,Thêm bớt sản phẩm ,AAA
4322,Muốn đặt lại trên Tiki App,AAA
4324,Đặt trùng,AAA
4327,Đổi hình thức thanh toán,AAA
4328,Thay đổi địa chỉ giao hàng,AAA
4333,Thời gian giao hàng qua lâu/sớm,AAA
4337,Không còn nhu cầu,AAA
4338,Thêm bớt sản phẩm ,AAA
4343,Muốn đặt lại trên Tiki App,AAA
4345,Đặt trùng,AAA
4352,Đổi hình thức thanh toán,AAA
4355,Thay đổi địa chỉ giao hàng,AAA
4357,Thời gian giao hàng qua lâu/sớm,AAA
4368,Không còn nhu cầu,AAA
4374,Thêm bớt sản phẩm ,AAA
4376,Muốn đặt lại trên Tiki App,AAA
4379,Đặt trùng,AAA
4384,Đổi hình thức thanh toán,AAA
4391,Thay đổi địa chỉ giao hàng,AAA
4393,Thời gian giao hàng qua lâu/sớm,AAA
4399,Không còn nhu cầu,AAA
4406,Thêm bớt sản phẩm ,AAA
4410,Muốn đặt lại trên Tiki App,AAA
4420,Đặt trùng,AAA
4426,Đổi hình thức thanh toán,AAA
4430,Thay đổi địa chỉ giao hàng,AAA
4437,Thời gian giao hàng qua lâu/sớm,AAA
4447,Không còn nhu cầu,AAA
4452,Thêm bớt sản phẩm ,AAA
4454,Muốn đặt lại trên Tiki App,AAA
4481,Đặt trùng,AAA
4483,Đổi hình thức thanh toán,AAA
4493,Thay đổi địa chỉ giao hàng,AAA
4496,Thời gian giao hàng qua lâu/sớm,AAA
4498,Không còn nhu cầu,AAA
4499,Thêm bớt sản phẩm ,AAA
4505,Muốn đặt lại trên Tiki App,AAA
4522,Đặt trùng,AAA
4525,Đổi hình thức thanh toán,AAA
4527,Thay đổi địa chỉ giao hàng,AAA
4533,Thời gian giao hàng qua lâu/sớm,AAA
4539,Không còn nhu cầu,AAA
4551,Thêm bớt sản phẩm ,AAA
4563,Muốn đặt lại trên Tiki App,AAA
4565,Đặt trùng,AAA
4575,Đổi hình thức thanh toán,AAA
4584,Thay đổi địa chỉ giao hàng,AAA
4585,Thời gian giao hàng qua lâu/sớm,AAA
4591,Không còn nhu cầu,AAA
4595,Thêm bớt sản phẩm ,AAA
4597,Muốn đặt lại trên Tiki App,AAA
4598,Đặt trùng,AAA
4601,Đổi hình thức thanh toán,AAA
4612,Thay đổi địa chỉ giao hàng,AAA
4613,Thời gian giao hàng qua lâu/sớm,AAA
4614,Không còn nhu cầu,AAA
4617,Thêm bớt sản phẩm ,AAA
4623,Muốn đặt lại trên Tiki App,AAA
4631,Đặt trùng,AAA
4643,Đổi hình thức thanh toán,AAA
4644,Thay đổi địa chỉ giao hàng,AAA
4646,Thời gian giao hàng qua lâu/sớm,AAA
4659,Không còn nhu cầu,AAA
4660,Thêm bớt sản phẩm ,AAA
4664,Muốn đặt lại trên Tiki App,AAA
4666,Đặt trùng,AAA
4667,Đổi hình thức thanh toán,AAA
4674,Thay đổi địa chỉ giao hàng,AAA
4678,Thời gian giao hàng qua lâu/sớm,AAA
4689,Không còn nhu cầu,AAA
4690,Thêm bớt sản phẩm ,AAA
4702,Muốn đặt lại trên Tiki App,AAA
4703,Đặt trùng,AAA
4725,Đổi hình thức thanh toán,AAA
4736,Thay đổi địa chỉ giao hàng,AAA
4755,Thời gian giao hàng qua lâu/sớm,AAA
4764,Không còn nhu cầu,AAA
4767,Thêm bớt sản phẩm ,AAA
4779,Muốn đặt lại trên Tiki App,AAA
4780,Đặt trùng,AAA
4781,Đổi hình thức thanh toán,AAA
4783,Thay đổi địa chỉ giao hàng,AAA
4784,Thời gian giao hàng qua lâu/sớm,AAA
4787,Không còn nhu cầu,AAA
4795,Thêm bớt sản phẩm ,AAA
4802,Muốn đặt lại trên Tiki App,AAA
4803,Đặt trùng,AAA
4805,Đổi hình thức thanh toán,AAA
4812,Thay đổi địa chỉ giao hàng,AAA
4820,Thời gian giao hàng qua lâu/sớm,AAA
4822,Không còn nhu cầu,AAA
4827,Thêm bớt sản phẩm ,AAA
4832,Muốn đặt lại trên Tiki App,AAA
4836,Đặt trùng,AAA
4842,Đổi hình thức thanh toán,AAA
4845,Thay đổi địa chỉ giao hàng,AAA
4849,Thời gian giao hàng qua lâu/sớm,AAA
4853,Không còn nhu cầu,AAA
4854,Thêm bớt sản phẩm ,AAA
4858,Muốn đặt lại trên Tiki App,AAA
4868,Đặt trùng,AAA
4871,Đổi hình thức thanh toán,AAA
4878,Thay đổi địa chỉ giao hàng,AAA
4880,Thời gian giao hàng qua lâu/sớm,AAA
4884,Không còn nhu cầu,AAA
4885,Thêm bớt sản phẩm ,AAA
4886,Muốn đặt lại trên Tiki App,AAA
4887,Đặt trùng,AAA
4892,Đổi hình thức thanh toán,AAA
4898,Thay đổi địa chỉ giao hàng,AAA
4917,Thời gian giao hàng qua lâu/sớm,AAA
4933,Không còn nhu cầu,AAA
4934,Thêm bớt sản phẩm ,AAA
4936,Muốn đặt lại trên Tiki App,AAA
4946,Đặt trùng,AAA
4950,Đổi hình thức thanh toán,AAA
4951,Thay đổi địa chỉ giao hàng,AAA
4963,Thời gian giao hàng qua lâu/sớm,AAA
4983,Không còn nhu cầu,AAA
4985,Thêm bớt sản phẩm ,AAA
4993,Muốn đặt lại trên Tiki App,AAA
5012,Đặt trùng,AAA
5026,Đổi hình thức thanh toán,AAA
5028,Thay đổi địa chỉ giao hàng,AAA
5038,Thời gian giao hàng qua lâu/sớm,AAA
5041,Không còn nhu cầu,AAA
5042,Thêm bớt sản phẩm ,AAA
5044,Muốn đặt lại trên Tiki App,AAA
5051,Đặt trùng,AAA
5069,Đổi hình thức thanh toán,AAA
5071,Thay đổi địa chỉ giao hàng,AAA
5072,Thời gian giao hàng qua lâu/sớm,AAA
5080,Không còn nhu cầu,AAA
5089,Thêm bớt sản phẩm ,AAA
5092,Muốn đặt lại trên Tiki App,AAA
5095,Đặt trùng,AAA
5097,Đổi hình thức thanh toán,AAA
5101,Thay đổi địa chỉ giao hàng,AAA
5112,Thời gian giao hàng qua lâu/sớm,AAA
5115,Không còn nhu cầu,AAA
5117,Thêm bớt sản phẩm ,AAA
5120,Muốn đặt lại trên Tiki App,AAA
5128,Đặt trùng,AAA
5130,Đổi hình thức thanh toán,AAA
5132,Thay đổi địa chỉ giao hàng,AAA
5151,Thời gian giao hàng qua lâu/sớm,AAA
5157,Không còn nhu cầu,AAA
5165,Thêm bớt sản phẩm ,AAA
5179,Muốn đặt lại trên Tiki App,AAA
5182,Đặt trùng,AAA
5185,Đổi hình thức thanh toán,AAA
5188,Thay đổi địa chỉ giao hàng,AAA
5190,Thời gian giao hàng qua lâu/sớm,AAA
5192,Không còn nhu cầu,AAA
5199,Thêm bớt sản phẩm ,AAA
5205,Muốn đặt lại trên Tiki App,AAA
5215,Đặt trùng,AAA
5220,Đổi hình thức thanh toán,AAA
5225,Thay đổi địa chỉ giao hàng,AAA
5227,Thời gian giao hàng qua lâu/sớm,AAA
5229,Không còn nhu cầu,AAA
5231,Thêm bớt sản phẩm ,AAA
5257,Muốn đặt lại trên Tiki App,AAA
5262,Đặt trùng,AAA
5264,Đổi hình thức thanh toán,AAA
5266,Thay đổi địa chỉ giao hàng,AAA
5268,Thời gian giao hàng qua lâu/sớm,AAA
5270,Không còn nhu cầu,AAA
5277,Thêm bớt sản phẩm ,AAA
5286,Muốn đặt lại trên Tiki App,AAA
5316,Đặt trùng,AAA
5338,Đổi hình thức thanh toán,AAA
5339,Thay đổi địa chỉ giao hàng,AAA
5343,Thời gian giao hàng qua lâu/sớm,AAA
5347,Không còn nhu cầu,AAA
5352,Thêm bớt sản phẩm ,AAA
5355,Muốn đặt lại trên Tiki App,AAA
5357,Đặt trùng,AAA
5361,Đổi hình thức thanh toán,AAA
5368,Thay đổi địa chỉ giao hàng,AAA
5376,Thời gian giao hàng qua lâu/sớm,AAA
5384,Không còn nhu cầu,AAA
5390,Thêm bớt sản phẩm ,AAA
5392,Muốn đặt lại trên Tiki App,AAA
5400,Đặt trùng,AAA
5402,Đổi hình thức thanh toán,AAA
5403,Thay đổi địa chỉ giao hàng,AAA
5409,Thời gian giao hàng qua lâu/sớm,AAA
5410,Không còn nhu cầu,AAA
5418,Thêm bớt sản phẩm ,AAA
5419,Muốn đặt lại trên Tiki App,AAA
5422,Đặt trùng,AAA
5425,Đổi hình thức thanh toán,AAA
5428,Thay đổi địa chỉ giao hàng,AAA
5430,Thời gian giao hàng qua lâu/sớm,AAA
5431,Không còn nhu cầu,AAA
5442,Thêm bớt sản phẩm ,AAA
5456,Muốn đặt lại trên Tiki App,AAA
5464,Đặt trùng,AAA
5467,Đổi hình thức thanh toán,AAA
5471,Thay đổi địa chỉ giao hàng,AAA
5478,Thời gian giao hàng qua lâu/sớm,AAA
5487,Không còn nhu cầu,AAA
5489,Thêm bớt sản phẩm ,AAA
5492,Muốn đặt lại trên Tiki App,AAA
5496,Đặt trùng,AAA
5502,Đổi hình thức thanh toán,AAA
5504,Thay đổi địa chỉ giao hàng,AAA
5507,Thời gian giao hàng qua lâu/sớm,AAA
5526,Không còn nhu cầu,AAA
5532,Thêm bớt sản phẩm ,AAA
5536,Muốn đặt lại trên Tiki App,AAA
5537,Đặt trùng,AAA
5541,Đổi hình thức thanh toán,AAA
5543,Thay đổi địa chỉ giao hàng,AAA
5548,Thời gian giao hàng qua lâu/sớm,AAA
5550,Không còn nhu cầu,AAA
5559,Thêm bớt sản phẩm ,AAA
5571,Muốn đặt lại trên Tiki App,AAA
5572,Đặt trùng,AAA
5577,Đổi hình thức thanh toán,AAA
5593,Thay đổi địa chỉ giao hàng,AAA
5594,Thời gian giao hàng qua lâu/sớm,AAA
5595,Không còn nhu cầu,AAA
5600,Thêm bớt sản phẩm ,AAA
5603,Muốn đặt lại trên Tiki App,AAA
5604,Đặt trùng,AAA
5607,Đổi hình thức thanh toán,AAA
5609,Thay đổi địa chỉ giao hàng,AAA
5626,Thời gian giao hàng qua lâu/sớm,AAA
5632,Không còn nhu cầu,AAA
5633,Thêm bớt sản phẩm ,AAA
5636,Muốn đặt lại trên Tiki App,AAA
5645,Đặt trùng,AAA
5649,Đổi hình thức thanh toán,AAA
5657,Thay đổi địa chỉ giao hàng,AAA
5672,Thời gian giao hàng qua lâu/sớm,AAA
5674,Không còn nhu cầu,AAA
5686,Thêm bớt sản phẩm ,AAA
5691,Muốn đặt lại trên Tiki App,AAA
5692,Đặt trùng,AAA
5696,Đổi hình thức thanh toán,AAA
5699,Thay đổi địa chỉ giao hàng,AAA
5707,Thời gian giao hàng qua lâu/sớm,AAA
5719,Không còn nhu cầu,AAA
5740,Thêm bớt sản phẩm ,AAA
5755,Muốn đặt lại trên Tiki App,AAA
5781,Đặt trùng,AAA
5782,Đổi hình thức thanh toán,AAA
5785,Thay đổi địa chỉ giao hàng,AAA
5792,Thời gian giao hàng qua lâu/sớm,AAA
5793,Không còn nhu cầu,AAA
5818,Thêm bớt sản phẩm ,AAA
5821,Muốn đặt lại trên Tiki App,AAA
5822,Đặt trùng,AAA
5828,Đổi hình thức thanh toán,AAA
5841,Thay đổi địa chỉ giao hàng,AAA
5847,Thời gian giao hàng qua lâu/sớm,AAA
5853,Không còn nhu cầu,AAA
5854,Thêm bớt sản phẩm ,AAA
5878,Muốn đặt lại trên Tiki App,AAA
5879,Đặt trùng,AAA
5893,Đổi hình thức thanh toán,AAA
5897,Thay đổi địa chỉ giao hàng,AAA
5918,Thời gian giao hàng qua lâu/sớm,AAA
5921,Không còn nhu cầu,AAA
5927,Thêm bớt sản phẩm ,AAA
5928,Muốn đặt lại trên Tiki App,AAA
5930,Đặt trùng,AAA
5933,Đổi hình thức thanh toán,AAA
5938,Thay đổi địa chỉ giao hàng,AAA
5946,Thời gian giao hàng qua lâu/sớm,AAA
5950,Không còn nhu cầu,AAA
5951,Thêm bớt sản phẩm ,AAA
5952,Muốn đặt lại trên Tiki App,AAA
5953,Đặt trùng,AAA
5956,Đổi hình thức thanh toán,AAA
5968,Thay đổi địa chỉ giao hàng,AAA
5983,Thời gian giao hàng qua lâu/sớm,AAA
5987,Không còn nhu cầu,AAA
5992,Thêm bớt sản phẩm ,AAA
5994,Muốn đặt lại trên Tiki App,AAA
5999,Đặt trùng,AAA
6000,Đổi hình thức thanh toán,AAA
6003,Thay đổi địa chỉ giao hàng,AAA
6011,Thời gian giao hàng qua lâu/sớm,AAA
6017,Không còn nhu cầu,AAA
6022,Thêm bớt sản phẩm ,AAA
6035,Muốn đặt lại trên Tiki App,AAA
6042,Đặt trùng,AAA
6046,Đổi hình thức thanh toán,AAA
6047,Thay đổi địa chỉ giao hàng,AAA
6050,Thời gian giao hàng qua lâu/sớm,AAA
6060,Không còn nhu cầu,AAA
6062,Thêm bớt sản phẩm ,AAA
6068,Muốn đặt lại trên Tiki App,AAA
6071,Đặt trùng,AAA
6075,Đổi hình thức thanh toán,AAA
6079,Thay đổi địa chỉ giao hàng,AAA
6089,Thời gian giao hàng qua lâu/sớm,AAA
6101,Không còn nhu cầu,AAA
6102,Thêm bớt sản phẩm ,AAA
6105,Muốn đặt lại trên Tiki App,AAA
6112,Đặt trùng,AAA
6117,Đổi hình thức thanh toán,AAA
6128,Thay đổi địa chỉ giao hàng,AAA
6139,Thời gian giao hàng qua lâu/sớm,AAA
6140,Không còn nhu cầu,AAA
6142,Thêm bớt sản phẩm ,AAA
6152,Muốn đặt lại trên Tiki App,AAA
6157,Đặt trùng,AAA
6163,Đổi hình thức thanh toán,AAA
6168,Thay đổi địa chỉ giao hàng,AAA
6169,Thời gian giao hàng qua lâu/sớm,AAA
6171,Không còn nhu cầu,AAA
6193,Thêm bớt sản phẩm ,AAA
6196,Muốn đặt lại trên Tiki App,AAA
6197,Đặt trùng,AAA
6205,Đổi hình thức thanh toán,AAA
6210,Thay đổi địa chỉ giao hàng,AAA
6213,Thời gian giao hàng qua lâu/sớm,AAA
6216,Không còn nhu cầu,AAA
6225,Thêm bớt sản phẩm ,AAA
6232,Muốn đặt lại trên Tiki App,AAA
6253,Đặt trùng,AAA
6266,Đổi hình thức thanh toán,AAA
6270,Thay đổi địa chỉ giao hàng,AAA
6275,Thời gian giao hàng qua lâu/sớm,AAA
6290,Không còn nhu cầu,AAA
6296,Thêm bớt sản phẩm ,AAA
6297,Muốn đặt lại trên Tiki App,AAA
6315,Đặt trùng,AAA
6321,Đổi hình thức thanh toán,AAA
6329,Thay đổi địa chỉ giao hàng,AAA
6332,Thời gian giao hàng qua lâu/sớm,AAA
6335,Không còn nhu cầu,AAA
6354,Thêm bớt sản phẩm ,AAA
6360,Muốn đặt lại trên Tiki App,AAA
6361,Đặt trùng,AAA
6365,Đổi hình thức thanh toán,AAA
6377,Thay đổi địa chỉ giao hàng,AAA
6382,Thời gian giao hàng qua lâu/sớm,AAA
6392,Không còn nhu cầu,AAA
6405,Thêm bớt sản phẩm ,AAA
6416,Muốn đặt lại trên Tiki App,AAA
6423,Đặt trùng,AAA
6451,Đổi hình thức thanh toán,AAA
6458,Thay đổi địa chỉ giao hàng,AAA
6462,Thời gian giao hàng qua lâu/sớm,AAA
6467,Không còn nhu cầu,AAA
6474,Thêm bớt sản phẩm ,AAA
6476,Muốn đặt lại trên Tiki App,AAA
6479,Đặt trùng,AAA
6480,Đổi hình thức thanh toán,AAA
6490,Thay đổi địa chỉ giao hàng,AAA
6491,Thời gian giao hàng qua lâu/sớm,AAA
6495,Không còn nhu cầu,AAA
6499,Thêm bớt sản phẩm ,AAA
6510,Muốn đặt lại trên Tiki App,AAA
6515,Đặt trùng,AAA
6518,Đổi hình thức thanh toán,AAA
6522,Thay đổi địa chỉ giao hàng,AAA
6525,Thời gian giao hàng qua lâu/sớm,AAA
6536,Không còn nhu cầu,AAA
6537,Thêm bớt sản phẩm ,AAA
6538,Muốn đặt lại trên Tiki App,AAA
6541,Đặt trùng,AAA
6546,Đổi hình thức thanh toán,AAA
6560,Thay đổi địa chỉ giao hàng,AAA
6561,Thời gian giao hàng qua lâu/sớm,AAA
6566,Không còn nhu cầu,AAA
6569,Thêm bớt sản phẩm ,AAA
6572,Muốn đặt lại trên Tiki App,AAA
6577,Đặt trùng,AAA
6578,Đổi hình thức thanh toán,AAA
6586,Thay đổi địa chỉ giao hàng,AAA
6587,Thời gian giao hàng qua lâu/sớm,AAA
6588,Không còn nhu cầu,AAA
6597,Thêm bớt sản phẩm ,AAA
6610,Muốn đặt lại trên Tiki App,AAA
6613,Đặt trùng,AAA
6619,Đổi hình thức thanh toán,AAA
6634,Thay đổi địa chỉ giao hàng,AAA
6645,Thời gian giao hàng qua lâu/sớm,AAA
6657,Không còn nhu cầu,AAA
6659,Thêm bớt sản phẩm ,AAA
6662,Muốn đặt lại trên Tiki App,AAA
6668,Đặt trùng,AAA
6670,Đổi hình thức thanh toán,AAA
6675,Thay đổi địa chỉ giao hàng,AAA
6680,Thời gian giao hàng qua lâu/sớm,AAA
6683,Không còn nhu cầu,AAA
6692,Thêm bớt sản phẩm ,AAA
6693,Muốn đặt lại trên Tiki App,AAA
6699,Đặt trùng,AAA
6706,Đổi hình thức thanh toán,AAA
6713,Thay đổi địa chỉ giao hàng,AAA
6720,Thời gian giao hàng qua lâu/sớm,AAA
6722,Không còn nhu cầu,AAA
6732,Thêm bớt sản phẩm ,AAA
6746,Muốn đặt lại trên Tiki App,AAA
6768,Đặt trùng,AAA
6778,Đổi hình thức thanh toán,AAA
6787,Thay đổi địa chỉ giao hàng,AAA
6807,Thời gian giao hàng qua lâu/sớm,AAA
6817,Không còn nhu cầu,AAA
6821,Thêm bớt sản phẩm ,AAA
6826,Muốn đặt lại trên Tiki App,AAA
6840,Đặt trùng,AAA
6846,Đổi hình thức thanh toán,AAA
6847,Thay đổi địa chỉ giao hàng,AAA
6860,Thời gian giao hàng qua lâu/sớm,AAA
6862,Không còn nhu cầu,AAA
6868,Thêm bớt sản phẩm ,AAA
6871,Muốn đặt lại trên Tiki App,AAA
6884,Đặt trùng,AAA
6902,Đổi hình thức thanh toán,AAA
6910,Thay đổi địa chỉ giao hàng,AAA
6926,Thời gian giao hàng qua lâu/sớm,AAA
6934,Không còn nhu cầu,AAA
6948,Thêm bớt sản phẩm ,AAA
6953,Muốn đặt lại trên Tiki App,AAA
6956,Đặt trùng,AAA
6958,Đổi hình thức thanh toán,AAA
6959,Thay đổi địa chỉ giao hàng,AAA
6977,Thời gian giao hàng qua lâu/sớm,AAA
6979,Không còn nhu cầu,AAA
6984,Thêm bớt sản phẩm ,AAA
6991,Muốn đặt lại trên Tiki App,AAA
6998,Đặt trùng,AAA
7006,Đổi hình thức thanh toán,AAA
7009,Thay đổi địa chỉ giao hàng,AAA
7011,Thời gian giao hàng qua lâu/sớm,AAA
7012,Không còn nhu cầu,AAA
7013,Thêm bớt sản phẩm ,AAA
7014,Muốn đặt lại trên Tiki App,AAA
7016,Đặt trùng,AAA
7018,Đổi hình thức thanh toán,AAA
7019,Thay đổi địa chỉ giao hàng,AAA
7022,Thời gian giao hàng qua lâu/sớm,AAA
7029,Không còn nhu cầu,AAA
7035,Thêm bớt sản phẩm ,AAA
7038,Muốn đặt lại trên Tiki App,AAA
7044,Đặt trùng,AAA
7046,Đổi hình thức thanh toán,AAA
7049,Thay đổi địa chỉ giao hàng,AAA
7055,Thời gian giao hàng qua lâu/sớm,AAA
7061,Không còn nhu cầu,AAA
7066,Thêm bớt sản phẩm ,AAA
7067,Muốn đặt lại trên Tiki App,AAA
7072,Đặt trùng,AAA
7079,Đổi hình thức thanh toán,AAA
7082,Thay đổi địa chỉ giao hàng,AAA
7096,Thời gian giao hàng qua lâu/sớm,AAA
7097,Không còn nhu cầu,AAA
7102,Thêm bớt sản phẩm ,AAA
7105,Muốn đặt lại trên Tiki App,AAA
7121,Đặt trùng,AAA
7123,Đổi hình thức thanh toán,AAA
7133,Thay đổi địa chỉ giao hàng,AAA
7146,Thời gian giao hàng qua lâu/sớm,AAA
7152,Không còn nhu cầu,AAA
7157,Thêm bớt sản phẩm ,AAA
7182,Muốn đặt lại trên Tiki App,AAA
7184,Đặt trùng,AAA
7185,Đổi hình thức thanh toán,AAA
7190,Thay đổi địa chỉ giao hàng,AAA
7194,Thời gian giao hàng qua lâu/sớm,AAA
7209,Không còn nhu cầu,AAA
7219,Thêm bớt sản phẩm ,AAA
7235,Muốn đặt lại trên Tiki App,AAA
7251,Đặt trùng,AAA
7255,Đổi hình thức thanh toán,AAA
7260,Thay đổi địa chỉ giao hàng,AAA
7261,Thời gian giao hàng qua lâu/sớm,AAA
7263,Không còn nhu cầu,AAA
7282,Thêm bớt sản phẩm ,AAA
7291,Muốn đặt lại trên Tiki App,AAA
7296,Đặt trùng,AAA
7297,Đổi hình thức thanh toán,AAA
7305,Thay đổi địa chỉ giao hàng,AAA
7309,Thời gian giao hàng qua lâu/sớm,AAA
7313,Không còn nhu cầu,AAA
7316,Thêm bớt sản phẩm ,AAA
7335,Muốn đặt lại trên Tiki App,AAA
7337,Đặt trùng,AAA
7338,Đổi hình thức thanh toán,AAA
7340,Thay đổi địa chỉ giao hàng,AAA
7354,Thời gian giao hàng qua lâu/sớm,AAA
7365,Không còn nhu cầu,AAA
7371,Thêm bớt sản phẩm ,AAA
7374,Muốn đặt lại trên Tiki App,AAA
7384,Đặt trùng,AAA
7386,Đổi hình thức thanh toán,AAA
7388,Thay đổi địa chỉ giao hàng,AAA
7390,Thời gian giao hàng qua lâu/sớm,AAA
7396,Không còn nhu cầu,AAA
7400,Thêm bớt sản phẩm ,AAA
7407,Muốn đặt lại trên Tiki App,AAA
7418,Đặt trùng,AAA
7420,Đổi hình thức thanh toán,AAA
7427,Thay đổi địa chỉ giao hàng,AAA
7430,Thời gian giao hàng qua lâu/sớm,AAA
7437,Không còn nhu cầu,AAA
7438,Thêm bớt sản phẩm ,AAA
7443,Muốn đặt lại trên Tiki App,AAA
7446,Đặt trùng,AAA
7450,Đổi hình thức thanh toán,AAA
7452,Thay đổi địa chỉ giao hàng,AAA
7454,Thời gian giao hàng qua lâu/sớm,AAA
7475,Không còn nhu cầu,AAA
7476,Thêm bớt sản phẩm ,AAA
7488,Muốn đặt lại trên Tiki App,AAA
7490,Đặt trùng,AAA
7495,Đổi hình thức thanh toán,AAA
7502,Thay đổi địa chỉ giao hàng,AAA
7506,Thời gian giao hàng qua lâu/sớm,AAA
7508,Không còn nhu cầu,AAA
7519,Thêm bớt sản phẩm ,AAA
7521,Muốn đặt lại trên Tiki App,AAA
7535,Đặt trùng,AAA
7541,Đổi hình thức thanh toán,AAA
7543,Thay đổi địa chỉ giao hàng,AAA
7560,Thời gian giao hàng qua lâu/sớm,AAA
7564,Không còn nhu cầu,AAA
7570,Thêm bớt sản phẩm ,AAA
7581,Muốn đặt lại trên Tiki App,AAA
7582,Đặt trùng,AAA
7593,Đổi hình thức thanh toán,AAA
7596,Thay đổi địa chỉ giao hàng,AAA
7597,Thời gian giao hàng qua lâu/sớm,AAA
7611,Không còn nhu cầu,AAA
7613,Thêm bớt sản phẩm ,AAA
7615,Muốn đặt lại trên Tiki App,AAA
7617,Đặt trùng,AAA
7633,Đổi hình thức thanh toán,AAA
7642,Thay đổi địa chỉ giao hàng,AAA
7650,Thời gian giao hàng qua lâu/sớm,AAA
7656,Không còn nhu cầu,AAA
7664,Thêm bớt sản phẩm ,AAA
7665,Muốn đặt lại trên Tiki App,AAA
7671,Đặt trùng,AAA
7679,Đổi hình thức thanh toán,AAA
7680,Thay đổi địa chỉ giao hàng,AAA
7691,Thời gian giao hàng qua lâu/sớm,AAA
7692,Không còn nhu cầu,AAA
7716,Thêm bớt sản phẩm ,AAA
7723,Muốn đặt lại trên Tiki App,AAA
7724,Đặt trùng,AAA
7725,Đổi hình thức thanh toán,AAA
7726,Thay đổi địa chỉ giao hàng,AAA
7728,Thời gian giao hàng qua lâu/sớm,AAA
7731,Không còn nhu cầu,AAA
7738,Thêm bớt sản phẩm ,AAA
7739,Muốn đặt lại trên Tiki App,AAA
7742,Đặt trùng,AAA
7759,Đổi hình thức thanh toán,AAA
7765,Thay đổi địa chỉ giao hàng,AAA
7768,Thời gian giao hàng qua lâu/sớm,AAA
7775,Không còn nhu cầu,AAA
7781,Thêm bớt sản phẩm ,AAA
7782,Muốn đặt lại trên Tiki App,AAA
7787,Đặt trùng,AAA
7793,Đổi hình thức thanh toán,AAA
7794,Thay đổi địa chỉ giao hàng,AAA
7799,Thời gian giao hàng qua lâu/sớm,AAA
7801,Không còn nhu cầu,AAA
7806,Thêm bớt sản phẩm ,AAA
7807,Muốn đặt lại trên Tiki App,AAA
7812,Đặt trùng,AAA
7821,Đổi hình thức thanh toán,AAA
7825,Thay đổi địa chỉ giao hàng,AAA
7827,Thời gian giao hàng qua lâu/sớm,AAA
7838,Không còn nhu cầu,AAA
7860,Thêm bớt sản phẩm ,AAA
7863,Muốn đặt lại trên Tiki App,AAA
7869,Đặt trùng,AAA
7884,Đổi hình thức thanh toán,AAA
7885,Thay đổi địa chỉ giao hàng,AAA
7891,Thời gian giao hàng qua lâu/sớm,AAA
7898,Không còn nhu cầu,AAA
7905,Thêm bớt sản phẩm ,AAA
7918,Muốn đặt lại trên Tiki App,AAA
7920,Đặt trùng,AAA
7930,Đổi hình thức thanh toán,AAA
7931,Thay đổi địa chỉ giao hàng,AAA
7937,Thời gian giao hàng qua lâu/sớm,AAA
7945,Không còn nhu cầu,AAA
7946,Thêm bớt sản phẩm ,AAA
7951,Muốn đặt lại trên Tiki App,AAA
7957,Đặt trùng,AAA
7961,Đổi hình thức thanh toán,AAA
7972,Thay đổi địa chỉ giao hàng,AAA
7973,Thời gian giao hàng qua lâu/sớm,AAA
7974,Không còn nhu cầu,AAA
7979,Thêm bớt sản phẩm ,AAA
7985,Muốn đặt lại trên Tiki App,AAA
7987,Đặt trùng,AAA
7993,Đổi hình thức thanh toán,AAA
7995,Thay đổi địa chỉ giao hàng,AAA
7997,Thời gian giao hàng qua lâu/sớm,AAA
7999,Không còn nhu cầu,AAA
