ID_KH,TEN_KH,DIACHI_KH,GIOITINH_KH,EMAIL_KH,NGAYSINH_KH,SDT_KH,USERNAME_KH,PASS_KH,MA_HTTT,TIKIXU
1,Forster Ilsley,4885 Melody Road,1,filsley0@sourceforge.net,9/27/2020,7739210017,Forster,b3OujUS1,NULL,0
2,Ephrayim Kuhwald,8 Sundown Trail,0,ekuhwald1@oakley.com,10/30/2020,1768550731,Ephrayim,KmB6vphM8,NULL,0
3,Thomasin Elleton,6 Rigney Lane,0,telleton2@google.fr,7/27/2020,1963450421,Thomasin,jKQiSAKOSBhk,NULL,0
4,Zelig Craister,18215 Thierer Avenue,0,zcraister3@marketwatch.com,8/14/2020,6128345417,Zelig,jqLOCKmbcPCS,NULL,0
5,Joyann Lambell,739 Duke Crossing,0,jlambell4@army.mil,5/6/2020,5764276302,Joyann,x2h6kPyxdw,NULL,0
6,Shirline Parley,66 Bonner Terrace,1,sparley5@si.edu,9/4/2020,4311219585,Shirline,fiFxeeaxAJS,NULL,0
7,Thibaut Hawes,5462 Hovde Pass,0,thawes6@bing.com,12/20/2019,3394610836,Thibaut,LcMhqtLNEydJ,NULL,0
8,Myrtice Barfitt,35878 Sauthoff Plaza,0,mbarfitt7@t.co,7/31/2020,7498120835,Myrtice,LYQ1bnvaqB5S,NULL,0
9,Rozanne Trunkfield,58 Evergreen Lane,1,rtrunkfield8@altervista.org,12/16/2019,2856589402,Rozanne,tnrKfdZk,NULL,0
10,Frank Gregoriou,479 Dayton Point,0,fgregoriou9@51.la,10/24/2019,8123271174,Frank,gnQHqwsn6LEW,NULL,0
11,Ricca Trollope,16017 Shelley Avenue,0,rtrollopea@cam.ac.uk,11/3/2019,3178429316,Ricca,9AZu94hKUAl,NULL,0
12,Paola Alton,3069 Wayridge Place,1,paltonb@noaa.gov,8/6/2019,7824323364,Paola,TvtHfcHs,NULL,0
13,Alisha Stoter,13531 Arrowood Terrace,1,astoterc@usatoday.com,2/12/2020,2051354768,Alisha,cEdCHHc65Oy4,NULL,0
14,Derward Jansema,18056 Ilene Avenue,1,djansemad@nasa.gov,10/5/2020,4188153312,Derward,6WZWOEVnXM,NULL,0
15,Dee dee Tree,82 Hintze Crossing,1,ddeee@jalbum.net,8/8/2020,4606482010,Dee dee,4IeeC7XU66,NULL,0
16,Decca Greathead,0073 Everett Circle,0,dgreatheadf@tmall.com,11/14/2019,3898219151,Decca,QopcBtjWB4Po,NULL,0
17,Tildi Harriss,0215 Utah Avenue,1,tharrissg@cbslocal.com,5/30/2020,9243520093,Tildi,KcA40Fd7ZTV,NULL,0
18,Delbert Bimson,377 Transport Junction,0,dbimsonh@sakura.ne.jp,1/8/2020,4057567505,Delbert,WdWgfEJcR,NULL,0
19,Caria Collelton,30615 Cottonwood Plaza,1,ccolleltoni@gizmodo.com,5/2/2020,2592997837,Caria,rx1r1sQr,NULL,0
20,Jacklyn Meier,5588 Service Point,1,jmeierj@salon.com,7/6/2020,4261045946,Jacklyn,pjDEdmq7,NULL,0
21,Ermengarde Rosenbarg,4 Monica Parkway,1,erosenbargk@pinterest.com,12/2/2019,4795517427,Ermengarde,JMTY2N3PAJ16,NULL,0
22,Tera Androsik,8338 Melvin Street,1,tandrosikl@miitbeian.gov.cn,10/27/2020,1314285872,Tera,LFzMxAK,NULL,0
23,Suzie Kupis,9 Granby Circle,1,skupism@senate.gov,7/14/2020,3898321254,Suzie,Pa7p7xKqVwlq,NULL,0
24,Reinald Dimitriades,636 Clarendon Circle,1,rdimitriadesn@elpais.com,6/24/2020,2829126787,Reinald,B48r2Nqcr6i,NULL,0
25,Maxim Rosenberg,40 Dunning Court,1,mrosenbergo@mediafire.com,8/19/2020,3818697231,Maxim,O3tlWrLLVYqZ,NULL,0
26,Marna Bourne,450 Mockingbird Circle,0,mbournep@ca.gov,4/10/2020,5796544450,Marna,PgQMpnew,NULL,0
27,Matthiew Bowick,984 Mosinee Junction,0,mbowickq@blog.com,10/10/2020,5818680640,Matthiew,0CxZzMRe,NULL,0
28,Duane Mitchiner,2906 Sloan Road,1,dmitchinerr@chicagotribune.com,7/30/2020,6332426970,Duane,577vIvv,NULL,0
29,Othelia Stennings,833 Killdeer Road,1,ostenningss@umn.edu,11/11/2019,7197099872,Othelia,RmcFB4m8x,NULL,0
30,Sigrid MacNally,0 Daystar Circle,1,smacnallyt@macromedia.com,1/8/2020,9191653107,Sigrid,J7RrvQ6y,NULL,0
