ID_TH,TENTH
1,Tolsen
2,Joy Collection
3,Samsung
4,Ferroli
5,Vina Case
6,Adidas
7,Joy Collection
8,Sharp
9,Vankyo
10,MONSKY
11,Dulux
12,OEM
13,Intex
14,TP-Link
15,Mobell
16,Hitachi
17,Suntek
18,GUCCI
19,Bavapen
20,Ariston
21,Pisen
22,DAIKIN
23,nhaxiko
24,SPEC
25,Orico
26,Samsung
27,Thế Giới Tranh Đẹp
28,Sunhouse
29,Gor
30,Sanaky
31,DIOR
32,NETTA
33,Casper
34,Auto Focus
35,Tiến Sport
36,Juno Sofa
37,MSI
38,Xprinter
39,Auto Focus
40,Nillkin
41,Mitsubishi Electric
42,LIDACO
43,PRADA
44,PRADA
45,Apple
46,Onyx Boox
47,Stanley
48,Huawei
49,Mitsubishi
50,RONALD JACK
51,Alaska
52,Vtel
53,ICASE
54,Realme
55,Joy Collection
56,Aolikes
57,Intel
58,Asanzo
59,HẢI TRIỀU
60,Hitachi
61,OEM
62,Kindle
63,Uncle Bills
64,Befon
65,LiOA
66,BELLPLUS
67,Apple
68,Onyx Boox
69,Panasonic
70,Mitsubishi
71,TCL
72,BlackBerry
73,Sportslink
74,IBIE
75,Lyvystar
76,LIDACO
77,Hitachi
78,OEM
79,DONG DONG
80,LiOA
81,ICASE
82,Bảo Anh
83,Earldom
84,Biti's Việt Nam
85,Tenda
86,Brother
87,VERSACE
88,Fanvil
89,Li-Ning
90,Suntek
91,Stanley
92,Sportslink
93,Biti's Việt Nam
94,DAIKIN
95,Li-Ning
96,Hitachi
97,UGREEN
98,Suntek
99,DXD
100,Rạng Đông
101,Mobell
102,OEM
103,JYSK
104,Cooler Master
105,UAG
106,Mobell
107,Puma
108,Onitsuka Tiger
109,DXD
110,Bphone
111,Mitsubishi
112,BELLPLUS
113,Bảo Anh
114,BOROFONE
115,TP-Link
116,Xiaomi
117,Dunlop
118,Fanvil
119,Tenda
120,Acer
121,DAIKIN
122,RONALD JACK
123,Adidas
124,Grandstream
125,Unitek
126,Sunhouse
127,PGM
128,BELLPLUS
129,Vivo
130,SPEC
131,Tolsen
132,Vankyo
133,Auto Focus
134,Joy Collection
135,IBIE
136,Dulux
137,Kingston
138,UAG
139,Amazon
140,TP-Link
141,North Bayou
142,NETTACASE
143,PRADA
144,Remax
145,Bát Tràng
146,Adidas
147,Stanley
148,Realme
149,Viettel
150,PKCB
151,Đại Nam Sport
152,LIDACO
153,Realme
154,DAIKIN
155,Earldom
156,Toshiba
157,THT
158,Just Feel Free
159,Mobifone
160,Dulux
161,Sportslink
162,Behringer
163,Aolikes
164,Mika Coaster
165,OEM
166,Onyx Boox
167,Song An Eco
168,LiOA
169,Rạng Đông
170,Vankyo
171,Cisco
172,Samsung
173,Amazon
174,Mobell
175,Delta
176,Canon
177,HP
178,Mobell
179,Beko
180,UGREEN
181,TOTOLINK
182,Baseus
183,Brother
184,Just Feel Free
185,BURBERRY
186,Forme
187,GUCCI
188,Hitachi
189,Vinaphone
190,Unitek
191,Dunlop
192,Casper
193,TOTOLINK
194,FEDOLI
195,Casper
196,DIOR
197,LiOA
198,Mobifone
199,Kindle
200,Tiến Sport
201,Everon
202,CHANEL
203,OEM
204,Aqua
205,Mitsubishi
206,AOJIANG SHARK
207,Just Feel Free
208,BURBERRY
209,Tiến Sport
210,Delta
211,Tottocase
212,GUCCI
213,Alaska
214,Mira
215,IBIE
216,Mobell
217,Handtown
218,Xprinter
219,Pisen
220,BELLPLUS
221,Xiaomi
222,Adidas
223,Remax
224,BELLPLUS
225,Airsport
226,RONALD JACK
227,Forme
228,Dulux
229,Bát Tràng
230,Li-Ning
231,Masstel
232,Mitsubishi Electric
233,HERMÈS
234,IBIE
235,BlackBerry
236,EPSON
237,Nokia
238,Prowin
239,Gree
240,Handtown
241,Remax
242,CHANEL
243,Li-Ning
244,Rạng Đông
245,Nokia
246,Sportslink
247,OEM
248,Viettel
249,OEM
250,Electrolux
251,Biti's Việt Nam
252,WD
253,Samsung
254,Juno Sofa
255,Likgus
256,Electrolux
257,PGM
258,Forme
259,Prowin
260,Nillkin
261,Adidas
262,Acer
263,Hitachi
264,VERSACE
265,ANTA
266,Kindle
267,DIOR
268,PGM
269,UGREEN
270,Total
271,VERSACE
272,Lock&Lock
273,Airsport
274,Panasonic
275,Asus
276,Vtel
277,Gigabyte
278,Đại Nam Sport
279,LG
280,Panasonic
281,Elmich
282,OEM
283,BURBERRY
284,Salomon
285,Huawei
286,Vankyo
287,Ariston
288,Panasonic
289,OEM
290,SAMZHE
291,UGREEN
292,Huawei
293,CHANEL
294,Canon
295,Cisco
296,UAG
297,Rạng Đông
298,Dunlop
299,Samsung
300,TOTOLINK
301,Zippo
302,BOROFONE
303,Intel
304,Lyvystar
305,DXD
306,TP-Link
307,Casper
308,CHANEL
309,Lyvystar
310,FEDOLI
311,Alaska
312,Joy Collection
313,RONALD JACK
314,BULBAL
315,Just Feel Free
316,TP-Link
317,WD
318,Đại Nam Sport
319,OEM
320,FEDOLI
321,Sunhouse
322,Bát Tràng
323,Asanzo
324,Gor
325,North Bayou
326,OEM
327,Goldseee
328,Dulux
329,Energizer
330,Vinabox
331,Asanzo
332,NETTACASE
333,Gor
334,Sanaky
335,Zippo
336,Gree
337,Bảo Anh
338,Vsmart
339,Vinaphone
340,Realme
341,OEM
342,SUMIKURA
343,BELLPLUS
344,Uncle Bills
345,OEM
346,Sportslink
347,Grandstream
348,Tottocase
349,DAIKIN
350,PRADA
351,Li-Ning
352,Vsmart
353,Zippo
354,Sunhouse
355,Cisco
356,Joy Collection
357,Realme
358,Auto Focus
359,Naturehike
360,Likebook
361,Vivo
362,AOJIANG SHARK
363,Elmich
364,Li-Ning
365,OEM
366,Samsung
367,Hoco
368,Delta
369,Forme
370,Behringer
371,Likebook
372,LiOA
373,Sony
374,Samsung
375,PGM
376,Aolikes
377,Photodesign VN
378,Aolikes
379,Song An Eco
380,DULCETT
381,WD
382,Vinabox
383,Nillkin
384,DXD
385,Total
386,Sharp
387,OEM
388,Joy Collection
389,Samsung
390,Bát Tràng
391,Huawei
392,Electrolux
393,Spigen
394,Hitachi
395,HERMÈS
396,LG
397,Nillkin
398,OEM
399,Rạng Đông
400,JYSK
401,Vtel
402,Likgus
403,Gree
404,SAMZHE
405,TP-Link
406,DULCETT
407,Song An Eco
408,AOJIANG SHARK
409,DAIKIN
410,Naturehike
411,Hitachi
412,Chí Phèo
413,Thế Giới Tranh Đẹp
414,HP
415,Aqua
416,JYSK
417,BlackBerry
418,Tiến Sport
419,Cisco
420,JYSK
421,Forme
422,Rạng Đông
423,Salomon
424,Sony
425,Amazon
426,UGREEN
427,NETTACASE
428,Panasonic
429,Brother
430,Arirang
431,OPPO
432,Elmich
433,Bát Tràng
434,HERMÈS
435,Onitsuka Tiger
436,Vinaphone
437,DIOR
438,Auto Focus
439,Casper
440,Tenda
441,BOROFONE
442,LG
443,Tottocase
444,Baseus
445,Sportslink
446,Delta
447,UAG
448,Biti's Việt Nam
449,CHANEL
450,Toshiba
451,Panasonic
452,Sunhouse
453,Sunhouse
454,Cooler Master
455,SPEC
456,Asanzo
457,Kingston
458,VERSACE
459,RONALD JACK
460,Acer
461,NETTA
462,Total
463,Ingco
464,Xprinter
465,Likgus
466,SENMALL
467,Juno Sofa
468,GP
469,DXD
470,RONALD JACK
471,Lock&Lock
472,OEM
473,North Bayou
474,Samsung
475,BELLPLUS
476,Asus
477,Asanzo
478,THT
479,Everon
480,PKCB
481,Hoco
482,Everon
483,Panasonic
484,Intex
485,BELLPLUS
486,Behringer
487,CHANEL
488,Song An Eco
489,Casper
490,HẢI TRIỀU
491,Remax
492,EPSON
493,Tiến Sport
494,Vinaphone
495,Adidas
496,Goldseee
497,Photodesign VN
498,Mika Coaster
499,Xprinter
500,Vivo
501,Stanley
502,LiOA
503,UGREEN
504,Likebook
505,Auto Focus
506,OLSG
507,Auto Focus
508,MSI
509,Thế Giới Tranh Đẹp
510,Asus
511,Cooler Master
512,Elmich
513,Alaska
514,ICASE
515,Likgus
516,Prowin
517,GP
518,Kindle
519,Just Feel Free
520,LG
521,UGREEN
522,CHANEL
523,OEM
524,Thuận Phong
525,Hoco
526,The Xanh garden supply
527,OEM
528,Acer
529,NETTACASE
530,Sportslink
531,Beko
532,Dell
533,Electrolux
534,DONG DONG
535,DONG DONG
536,Mira
537,Gree
538,WD
539,Onyx Boox
540,Samsung
541,Tolsen
542,Mobell
543,Kindle
544,Unitek
545,HẢI TRIỀU
546,Delta
547,Dulux
548,DAIKIN
549,Dell
550,Brother
551,Masstel
552,UGREEN
553,RONALD JACK
554,nhaxiko
555,GP
556,Stanley
557,Spigen
558,Aolikes
559,LIDACO
560,Ingco
561,Gree
562,Salomon
563,Nike
564,Bavapen
565,Photodesign VN
566,Xiaomi
567,BULBAL
568,Just Feel Free
569,Total
570,Befon
571,Casper
572,DULCETT
573,Acer
574,Ingco
575,Hoco
576,Casper
577,Befon
578,Brother
579,Salomon
580,Juno Sofa
581,Nokia
582,Song An Eco
583,Samsung
584,Unitek
585,PKCB
586,UGREEN
587,HERMÈS
588,Zippo
589,Tenda
590,LiOA
591,THT
592,Bát Tràng
593,BlackBerry
594,UGREEN
595,Chí Phèo
596,Aqua
597,Salomon
598,Xprinter
599,Orico
600,DXD
601,BURBERRY
602,Forme
603,Mobifone
604,SAMZHE
605,Dunlop
606,Ferroli
607,Auto Focus
608,THT
609,Sharp
610,NETTACASE
611,WD
612,Salomon
613,EPSON
614,Gigabyte
615,Joy Collection
616,Adidas
617,Earldom
618,Masstel
619,nhaxiko
620,Dunlop
621,OPPO
622,Forme
623,Kawasaki
624,Xprinter
625,Bát Tràng
626,Sportslink
627,Li-Ning
628,Earldom
629,Likebook
630,DXD
631,Lock&Lock
632,PRADA
633,Befon
634,ICASE
635,The Xanh garden supply
636,Huawei
637,Sharp
638,OPPO
639,WD
640,Huawei
641,Baseus
642,Canon
643,DAIKIN
644,Mira
645,Xprinter
646,Dunlop
647,Tolsen
648,Aqua
649,Rạng Đông
650,VERSACE
651,Total
652,Earldom
653,Panasonic
654,Tottocase
655,Kindle
656,SAMZHE
657,Tottocase
658,Li-Ning
659,Bavapen
660,VERSACE
661,Đại Nam Sport
662,TOTOLINK
663,Huawei
664,Suntek
665,AOJIANG SHARK
666,MSI
667,DONG DONG
668,BULBAL
669,Bavapen
670,Onitsuka Tiger
671,Alaska
672,Tottocase
673,Vankyo
674,Mika Coaster
675,THT
676,Panasonic
677,Elmich
678,Kindle
679,CHANEL
680,Electrolux
681,Total
682,NETTACASE
683,Goldseee
684,OPPO
685,Nillkin
686,Hitachi
687,Bát Tràng
688,Likgus
689,Mitsubishi
690,Elmich
691,Mira
692,Onitsuka Tiger
693,Gigabyte
694,Dell
695,Mobifone
696,Vina Case
697,Brother
698,Bphone
699,EPSON
700,HERMÈS
701,Befon
702,Huawei
703,Nokia
704,Mobell
705,Rạng Đông
706,Gree
707,TCL
708,Total
709,Ariston
710,Asus
711,THT
712,Mitsubishi Electric
713,Li-Ning
714,SAMZHE
715,Behringer
716,Mitsubishi
717,Hitachi
718,Canon
719,Intex
720,NETTACASE
721,Vivo
722,THT
723,Sony
724,TCL
725,Forme
726,Biti's Việt Nam
727,Gor
728,BELLPLUS
729,SanDisk
730,GP
731,Gree
732,Prowin
733,Amazon
734,EPSON
735,Sony
736,Sportslink
737,Mitsubishi
738,Intex
739,TCL
740,Vtel
741,MSI
742,Panasonic
743,Toshiba
744,Vina Case
745,GP
746,Ariston
747,Masstel
748,EPSON
749,Dunlop
750,Electrolux
751,Samsung
752,PRADA
753,Mobifone
754,Biti's Việt Nam
755,WD
756,Song An Eco
757,WD
758,Ingco
759,BURBERRY
760,Onyx Boox
761,Cisco
762,Samsung
763,Rạng Đông
764,Puma
765,Mobifone
766,PKCB
767,Panasonic
768,Delta
769,Joy Collection
770,Everon
771,CHANEL
772,BULBAL
773,Sportslink
774,Zippo
775,Unitek
776,Masstel
777,Canon
778,OEM
779,Joy Collection
780,Uncle Bills
781,Aolikes
782,BOROFONE
783,Bảo Anh
784,Everon
785,Unitek
786,Casper
787,THT
788,Mika Coaster
789,Forme
790,Earldom
791,Just Feel Free
792,Chí Phèo
793,AOJIANG SHARK
794,Fanvil
795,DAIKIN
796,OEM
797,BELLPLUS
798,Onitsuka Tiger
799,Acer
800,OEM
801,OEM
802,Remax
803,Mitsubishi Electric
804,Sunhouse
805,Samsung
806,AOJIANG SHARK
807,Unitek
808,Huawei
809,Grandstream
810,HP
811,WD
812,Masstel
813,Masstel
814,LG
815,Li-Ning
816,ICASE
817,Vinabox
818,PRADA
819,OPPO
820,Huawei
821,Vinabox
822,Joy Collection
823,Adidas
824,Onyx Boox
825,Realme
826,UGREEN
827,EPSON
828,Vinabox
829,Sharp
830,Tiến Sport
831,The Xanh garden supply
832,Electrolux
833,Samsung
834,Spigen
835,JYSK
836,Vivo
837,Bphone
838,MSI
839,Adidas
840,TP-Link
841,Asus
842,Likebook
843,TCL
844,Sanaky
845,BULBAL
846,Salomon
847,Likgus
848,FEDOLI
849,Mira
850,Thuận Phong
851,Auto Focus
852,Ferroli
853,PGM
854,LIDACO
855,Cisco
856,Behringer
857,Brother
858,BlackBerry
859,GP
860,Bát Tràng
861,Tiến Sport
862,THT
863,Ingco
864,Earldom
865,Nokia
866,nhaxiko
867,Vankyo
868,Biti's Việt Nam
869,Spigen
870,Auto Focus
871,Electrolux
872,Nillkin
873,Pisen
874,Toshiba
875,Beko
876,Huawei
877,Viettel
878,North Bayou
879,Aolikes
880,Salomon
881,Samsung
882,Puma
883,Goldseee
884,FEDOLI
885,Grandstream
886,Mika Coaster
887,Joy Collection
888,Cisco
889,Airsport
890,Gor
891,Electrolux
892,Huawei
893,Electrolux
894,Everon
895,Panasonic
896,Bảo Anh
897,UGREEN
898,HP
899,Bphone
900,Samsung
901,Handtown
902,Samsung
903,Gigabyte
904,Mobell
905,Joy Collection
906,Panasonic
907,Elmich
908,North Bayou
909,ICASE
910,Onitsuka Tiger
911,WD
912,Puma
913,Delta
914,Vtel
915,Thuận Phong
916,Panasonic
917,Vinaphone
918,Mitsubishi Electric
919,OEM
920,Puma
921,GUCCI
922,EPSON
923,HERMÈS
924,TOTOLINK
925,Alaska
926,Panasonic
927,Panasonic
928,Thế Giới Tranh Đẹp
929,HERMÈS
930,Tiến Sport
931,DULCETT
932,Aolikes
933,Onyx Boox
934,Tiến Sport
935,Vankyo
936,Cooler Master
937,Intex
938,DONG DONG
939,Total
940,Suntek
941,Đại Nam Sport
942,TCL
943,Tolsen
944,Befon
945,PGM
946,Tiến Sport
947,NETTACASE
948,Amazon
949,Canon
950,Cisco
951,Gree
952,Amazon
953,BOROFONE
954,Puma
955,Canon
956,SENMALL
957,Brother
958,Kingston
959,Stanley
960,Baseus
961,LiOA
962,Vivo
963,Sony
964,Joy Collection
965,Joy Collection
966,Asanzo
967,SENMALL
968,EPSON
969,Intel
970,Thuận Phong
971,Handtown
972,Total
973,Airsport
974,Alaska
975,WD
976,GP
977,Cisco
978,Amazon
979,SENMALL
980,Tiến Sport
981,TP-Link
982,Realme
983,LiOA
984,HP
985,Mitsubishi
986,GP
987,Masstel
988,Dunlop
989,Everon
990,LIDACO
991,OPPO
992,SPEC
993,LiOA
994,Mitsubishi
995,Ariston
996,PGM
997,Samsung
998,Samsung
999,VERSACE
1000,Huawei
1001,Samsung
1002,Vinaphone
1003,THT
1004,CHANEL
1005,JYSK
1006,Mira
1007,Earldom
1008,Samsung
1009,Đại Nam Sport
1010,Huawei
1011,Toshiba
1012,Juno Sofa
1013,Mobifone
1014,Fanvil
1015,Chí Phèo
1016,SPEC
1017,BELLPLUS
1018,Nillkin
1019,Baseus
1020,OEM
1021,Sony
1022,TP-Link
1023,Panasonic
1024,Sanaky
1025,The Xanh garden supply
1026,Bảo Anh
1027,Xprinter
1028,BELLPLUS
1029,PRADA
1030,TCL
1031,Just Feel Free
1032,Xiaomi
1033,Samsung
1034,Panasonic
1035,UGREEN
1036,Unitek
1037,Cooler Master
1038,LiOA
1039,Forme
1040,Thế Giới Tranh Đẹp
1041,Cisco
1042,RONALD JACK
1043,Brother
1044,PGM
1045,PKCB
1046,North Bayou
1047,BlackBerry
1048,Just Feel Free
1049,LIDACO
1050,Dunlop
1051,Sharp
1052,Biti's Việt Nam
1053,Delta
1054,MONSKY
1055,WD
1056,Beko
1057,Bphone
1058,MSI
1059,Sanaky
1060,Samsung
1061,OEM
1062,LG
1063,Huawei
1064,Gree
1065,Dunlop
1066,Realme
1067,Total
1068,Sony
1069,JYSK
1070,Mobell
1071,Dulux
1072,Gor
1073,OLSG
1074,Ingco
1075,BURBERRY
1076,Remax
1077,SanDisk
1078,Onitsuka Tiger
1079,Everon
1080,Pisen
1081,Sportslink
1082,BELLPLUS
1083,ANTA
1084,Remax
1085,Forme
1086,HERMÈS
1087,Photodesign VN
1088,Panasonic
1089,Casper
1090,Forme
1091,HẢI TRIỀU
1092,Amazon
1093,Airsport
1094,DIOR
1095,GUCCI
1096,Tenda
1097,Joy Collection
1098,PGM
1099,Huawei
1100,Beko
1101,Chí Phèo
1102,Thuận Phong
1103,TP-Link
1104,Naturehike
1105,Dell
1106,Tolsen
1107,Aqua
1108,Brother
1109,Sunhouse
1110,Gor
1111,ICASE
1112,Auto Focus
1113,Likebook
1114,The Xanh garden supply
1115,Mobifone
1116,Viettel
1117,Onitsuka Tiger
1118,Rạng Đông
1119,SUMIKURA
1120,Aolikes
1121,Naturehike
1122,UAG
1123,SanDisk
1124,nhaxiko
1125,Juno Sofa
1126,Li-Ning
1127,Canon
1128,Asanzo
1129,SPEC
1130,Masstel
1131,DULCETT
1132,Handtown
1133,Đại Nam Sport
1134,Tottocase
1135,Canon
1136,Joy Collection
1137,UGREEN
1138,UGREEN
1139,Dunlop
1140,Sharp
1141,Bát Tràng
1142,Biti's Việt Nam
1143,Hoco
1144,RONALD JACK
1145,SPEC
1146,Sunhouse
1147,Kingston
1148,Elmich
1149,Auto Focus
1150,Tiến Sport
1151,Sony
1152,Brother
1153,Mitsubishi
1154,Nillkin
1155,Ingco
1156,Nokia
1157,Samsung
1158,BlackBerry
1159,MONSKY
1160,Ariston
1161,Befon
1162,Canon
1163,Huawei
1164,Goldseee
1165,GP
1166,Orico
1167,LiOA
1168,Joy Collection
1169,Joy Collection
1170,TP-Link
1171,Intel
1172,Joy Collection
1173,Fanvil
1174,TOTOLINK
1175,Rạng Đông
1176,HERMÈS
1177,Suntek
1178,Vtel
1179,Cooler Master
1180,EPSON
1181,Prowin
1182,Masstel
1183,TP-Link
1184,Samsung
1185,JYSK
1186,Canon
1187,OPPO
1188,Sanaky
1189,Đại Nam Sport
1190,Elmich
1191,Lock&Lock
1192,DAIKIN
1193,Suntek
1194,Mitsubishi
1195,TCL
1196,WD
1197,Handtown
1198,Kawasaki
1199,Bavapen
1200,IBIE
1201,Huawei
1202,Samsung
1203,UGREEN
1204,Just Feel Free
1205,Đại Nam Sport
1206,ANTA
1207,Dulux
1208,North Bayou
1209,OEM
1210,Thế Giới Tranh Đẹp
1211,Orico
1212,Song An Eco
1213,Cisco
1214,RONALD JACK
1215,Biti's Việt Nam
1216,TP-Link
1217,HERMÈS
1218,Grandstream
1219,Orico
1220,Tolsen
1221,Cisco
1222,Mira
1223,Masstel
1224,Forme
1225,Vivo
1226,Bảo Anh
1227,DONG DONG
1228,Joy Collection
1229,Tiến Sport
1230,TP-Link
1231,Biti's Việt Nam
1232,Hoco
1233,SAMZHE
1234,Alaska
1235,TOTOLINK
1236,Nillkin
1237,THT
1238,Panasonic
1239,Vinaphone
1240,Samsung
1241,DXD
1242,Song An Eco
1243,Aolikes
1244,SanDisk
1245,OEM
1246,Intel
1247,Kindle
1248,Aqua
1249,SPEC
1250,Mika Coaster
1251,Canon
1252,Sharp
1253,nhaxiko
1254,OEM
1255,RONALD JACK
1256,FEDOLI
1257,Onyx Boox
1258,RONALD JACK
1259,Mobifone
1260,Tenda
1261,Samsung
1262,Elmich
1263,OEM
1264,Elmich
1265,Mobell
1266,ANTA
1267,MONSKY
1268,MSI
1269,Cisco
1270,Bphone
1271,Ingco
1272,Song An Eco
1273,Everon
1274,JYSK
1275,Delta
1276,Kindle
1277,OEM
1278,Amazon
1279,Aqua
1280,Onyx Boox
1281,Tiến Sport
1282,NETTA
1283,Fanvil
1284,Likebook
1285,EPSON
1286,Arirang
1287,LIDACO
1288,Mira
1289,UGREEN
1290,Mira
1291,Behringer
1292,Ferroli
1293,Thế Giới Tranh Đẹp
1294,SENMALL
1295,Mitsubishi
1296,NETTACASE
1297,Vivo
1298,Total
1299,Cisco
1300,Ferroli
1301,Realme
1302,Cisco
1303,NETTACASE
1304,Nike
1305,JYSK
1306,Suntek
1307,Likgus
1308,UGREEN
1309,Joy Collection
1310,The Xanh garden supply
1311,Asanzo
1312,Panasonic
1313,Delta
1314,NETTACASE
1315,Casper
1316,Photodesign VN
1317,Delta
1318,Nike
1319,OEM
1320,Rạng Đông
1321,Stanley
1322,Hitachi
1323,PKCB
1324,Alaska
1325,Cisco
1326,Remax
1327,Vsmart
1328,Mitsubishi Electric
1329,Pisen
1330,DAIKIN
1331,SanDisk
1332,HẢI TRIỀU
1333,Panasonic
1334,SAMZHE
1335,HERMÈS
1336,Pisen
1337,Apple
1338,Joy Collection
1339,OLSG
1340,Joy Collection
1341,LiOA
1342,Tolsen
1343,Asus
1344,DONG DONG
1345,Sanaky
1346,Hitachi
1347,Onitsuka Tiger
1348,Arirang
1349,OPPO
1350,Uncle Bills
1351,Goldseee
1352,Chí Phèo
1353,Brother
1354,OPPO
1355,Vina Case
1356,Joy Collection
1357,SPEC
1358,Suntek
1359,Kawasaki
1360,Gree
1361,PRADA
1362,Energizer
1363,Gor
1364,Mika Coaster
1365,Uncle Bills
1366,Apple
1367,Stanley
1368,Onitsuka Tiger
1369,Beko
1370,TP-Link
1371,Spigen
1372,Intel
1373,Vankyo
1374,SAMZHE
1375,Lyvystar
1376,GUCCI
1377,Viettel
1378,Stanley
1379,OEM
1380,Delta
1381,The Xanh garden supply
1382,Goldseee
1383,LG
1384,Joy Collection
1385,Earldom
1386,Viettel
1387,NETTA
1388,Xiaomi
1389,Photodesign VN
1390,THT
1391,Rạng Đông
1392,SAMZHE
1393,Huawei
1394,Apple
1395,Canon
1396,Tiến Sport
1397,Arirang
1398,Asanzo
1399,HP
1400,Energizer
1401,Hoco
1402,CHANEL
1403,TOTOLINK
1404,Hitachi
1405,Beko
1406,DULCETT
1407,Hoco
1408,Lyvystar
1409,Bphone
1410,UGREEN
1411,Auto Focus
1412,Cisco
1413,Apple
1414,Apple
1415,ANTA
1416,SUMIKURA
1417,Intel
1418,Uncle Bills
1419,TOTOLINK
1420,Hoco
1421,Just Feel Free
1422,Dulux
1423,Bphone
1424,Electrolux
1425,Mobell
1426,Photodesign VN
1427,Orico
1428,Vivo
1429,Forme
1430,HẢI TRIỀU
1431,SPEC
1432,GUCCI
1433,TOTOLINK
1434,RONALD JACK
1435,OEM
1436,The Xanh garden supply
1437,Rạng Đông
1438,EPSON
1439,HẢI TRIỀU
1440,Ingco
1441,SanDisk
1442,Unitek
1443,Tenda
1444,Forme
1445,Tiến Sport
1446,Brother
1447,Samsung
1448,Kingston
1449,Mika Coaster
1450,Delta
1451,Kawasaki
1452,Zippo
1453,OLSG
1454,SENMALL
1455,ANTA
1456,IBIE
1457,OEM
1458,JYSK
1459,Likebook
1460,Asus
1461,Uncle Bills
1462,HẢI TRIỀU
1463,Dell
1464,RONALD JACK
1465,LIDACO
1466,Gor
1467,Thuận Phong
1468,Energizer
1469,HP
1470,DULCETT
1471,Photodesign VN
1472,TOTOLINK
1473,Photodesign VN
1474,SUMIKURA
1475,Nillkin
1476,Bphone
1477,Joy Collection
1478,Vsmart
1479,Puma
1480,OEM
1481,Mira
1482,BURBERRY
1483,Delta
1484,Vina Case
1485,Tiến Sport
1486,Bavapen
1487,Prowin
1488,PGM
1489,Mitsubishi
1490,BOROFONE
1491,Gigabyte
1492,Huawei
1493,OEM
1494,Spigen
1495,Xprinter
1496,Onitsuka Tiger
1497,Li-Ning
1498,Mobell
1499,TCL
1500,Bavapen
1501,HERMÈS
1502,IBIE
1503,OPPO
1504,Bảo Anh
1505,Xiaomi
1506,GP
1507,GUCCI
1508,Vtel
1509,EPSON
1510,FEDOLI
1511,Orico
1512,Lock&Lock
1513,DXD
1514,Lyvystar
1515,SUMIKURA
1516,DULCETT
1517,GP
1518,Hoco
1519,LG
1520,PGM
1521,Sunhouse
1522,North Bayou
1523,Joy Collection
1524,Asanzo
1525,HP
1526,Earldom
1527,Onyx Boox
1528,OEM
1529,Vinabox
1530,Bát Tràng
1531,PGM
1532,Tiến Sport
1533,Joy Collection
1534,NETTA
1535,DXD
1536,Dell
1537,Befon
1538,Samsung
1539,Gree
1540,SAMZHE
1541,Grandstream
1542,Nike
1543,Puma
1544,Samsung
1545,UAG
1546,Energizer
1547,Sunhouse
1548,Brother
1549,Huawei
1550,THT
1551,Orico
1552,DXD
1553,Canon
1554,Song An Eco
1555,Asanzo
1556,Dulux
1557,Stanley
1558,Goldseee
1559,Cisco
1560,AOJIANG SHARK
1561,Sportslink
1562,TOTOLINK
1563,DULCETT
1564,Huawei
1565,MONSKY
1566,Arirang
1567,PRADA
1568,The Xanh garden supply
1569,Everon
1570,Vinaphone
1571,TP-Link
1572,DULCETT
1573,Vsmart
1574,Ariston
1575,Hoco
1576,Alaska
1577,Total
1578,EPSON
1579,HP
1580,Prowin
1581,SPEC
1582,DAIKIN
1583,HP
1584,OEM
1585,Uncle Bills
1586,OLSG
1587,Lock&Lock
1588,SAMZHE
1589,Samsung
1590,BOROFONE
1591,Apple
1592,BlackBerry
1593,OEM
1594,IBIE
1595,Hoco
1596,Onyx Boox
1597,Everon
1598,ICASE
1599,Forme
1600,BlackBerry
1601,Cisco
1602,VERSACE
1603,Grandstream
1604,Sunhouse
1605,Alaska
1606,Fanvil
1607,Amazon
1608,AOJIANG SHARK
1609,NETTACASE
1610,Kindle
1611,Intel
1612,Asus
1613,WD
1614,Electrolux
1615,Befon
1616,Ferroli
1617,Likebook
1618,Chí Phèo
1619,Viettel
1620,Pisen
1621,Puma
1622,Samsung
1623,Bảo Anh
1624,Alaska
1625,Vinabox
1626,GP
1627,Total
1628,NETTACASE
1629,Asus
1630,Ariston
1631,Mobifone
1632,Asanzo
1633,Samsung
1634,Đại Nam Sport
1635,PKCB
1636,Joy Collection
1637,Vtel
1638,GUCCI
1639,UGREEN
1640,Biti's Việt Nam
1641,Alaska
1642,Grandstream
1643,Airsport
1644,EPSON
1645,Likgus
1646,Fanvil
1647,Sharp
1648,Stanley
1649,Tolsen
1650,THT
1651,PRADA
1652,DXD
1653,TOTOLINK
1654,Biti's Việt Nam
1655,Airsport
1656,Vtel
1657,Mitsubishi Electric
1658,Cisco
1659,Unitek
1660,Mira
1661,Spigen
1662,LIDACO
1663,JYSK
1664,Mobell
1665,ANTA
1666,Biti's Việt Nam
1667,Lyvystar
1668,Sanaky
1669,Total
1670,SUMIKURA
1671,Bavapen
1672,Vtel
1673,DONG DONG
1674,Bát Tràng
1675,DXD
1676,Nillkin
1677,Unitek
1678,Total
1679,Everon
1680,Likebook
1681,NETTA
1682,Samsung
1683,Dunlop
1684,IBIE
1685,SUMIKURA
1686,Vinabox
1687,NETTACASE
1688,Behringer
1689,Vsmart
1690,Asanzo
1691,Arirang
1692,DAIKIN
1693,PGM
1694,Arirang
1695,Vankyo
1696,Aolikes
1697,NETTACASE
1698,BOROFONE
1699,UGREEN
1700,Samsung
1701,DAIKIN
1702,OEM
1703,Suntek
1704,Sportslink
1705,Intel
1706,Brother
1707,Sportslink
1708,OEM
1709,SENMALL
1710,Likebook
1711,DONG DONG
1712,Mira
1713,OPPO
1714,Mitsubishi Electric
1715,Cisco
1716,Aolikes
1717,Bphone
1718,Apple
1719,OEM
1720,Electrolux
1721,Aqua
1722,DONG DONG
1723,Onyx Boox
1724,ICASE
1725,UGREEN
1726,Xprinter
1727,ANTA
1728,North Bayou
1729,Just Feel Free
1730,Tiến Sport
1731,Forme
1732,TOTOLINK
1733,HẢI TRIỀU
1734,Asus
1735,Brother
1736,OLSG
1737,LiOA
1738,GUCCI
1739,Lock&Lock
1740,NETTACASE
1741,Uncle Bills
1742,Bphone
1743,Cisco
1744,Gigabyte
1745,Bảo Anh
1746,Goldseee
1747,Likebook
1748,Sanaky
1749,Vankyo
1750,Li-Ning
1751,Viettel
1752,Mitsubishi Electric
1753,DONG DONG
1754,Samsung
1755,Kawasaki
1756,Biti's Việt Nam
1757,Brother
1758,Thế Giới Tranh Đẹp
1759,AOJIANG SHARK
1760,Panasonic
1761,Arirang
1762,Panasonic
1763,Chí Phèo
1764,Song An Eco
1765,Nokia
1766,Joy Collection
1767,Ferroli
1768,SUMIKURA
1769,SENMALL
1770,Uncle Bills
1771,Ingco
1772,Realme
1773,Behringer
1774,Unitek
1775,NETTA
1776,Kindle
1777,DULCETT
1778,Samsung
1779,Kawasaki
1780,DXD
1781,JYSK
1782,Mitsubishi Electric
1783,Vankyo
1784,BURBERRY
1785,Toshiba
1786,Lock&Lock
1787,Vinabox
1788,Amazon
1789,Cisco
1790,BELLPLUS
1791,PKCB
1792,Vivo
1793,Hoco
1794,Dulux
1795,GUCCI
1796,Chí Phèo
1797,Airsport
1798,Kindle
1799,Dell
1800,Panasonic
1801,Pisen
1802,Canon
1803,Tolsen
1804,TCL
1805,Canon
1806,SUMIKURA
1807,GUCCI
1808,BlackBerry
1809,Tolsen
1810,Mira
1811,Stanley
1812,GP
1813,OEM
1814,Baseus
1815,Ferroli
1816,DIOR
1817,Nokia
1818,ANTA
1819,Adidas
1820,North Bayou
1821,North Bayou
1822,DXD
1823,Kindle
1824,Likebook
1825,Mitsubishi Electric
1826,AOJIANG SHARK
1827,Bảo Anh
1828,Mira
1829,Nillkin
1830,MONSKY
1831,Mika Coaster
1832,Dulux
1833,Vinabox
1834,Delta
1835,IBIE
1836,Canon
1837,Mobifone
1838,Uncle Bills
1839,Likebook
1840,TOTOLINK
1841,Ingco
1842,BlackBerry
1843,Behringer
1844,Airsport
1845,Spigen
1846,Juno Sofa
1847,Forme
1848,EPSON
1849,Hoco
1850,HERMÈS
1851,UAG
1852,VERSACE
1853,Nike
1854,ANTA
1855,Total
1856,Alaska
1857,Uncle Bills
1858,Joy Collection
1859,BURBERRY
1860,Ariston
1861,Aolikes
1862,Baseus
1863,Ingco
1864,Intel
1865,Mobell
1866,Realme
1867,Vinabox
1868,UGREEN
1869,Bảo Anh
1870,FEDOLI
1871,Mika Coaster
1872,Ariston
1873,NETTA
1874,ANTA
1875,Mira
1876,Likebook
1877,Joy Collection
1878,Mika Coaster
1879,GP
1880,Nike
1881,Sportslink
1882,LIDACO
1883,BlackBerry
1884,SENMALL
1885,Mitsubishi Electric
1886,Spigen
1887,Bavapen
1888,Song An Eco
1889,Canon
1890,Nillkin
1891,Kindle
1892,Cisco
1893,Bát Tràng
1894,Thuận Phong
1895,Remax
1896,Sony
1897,Nillkin
1898,Arirang
1899,Mika Coaster
1900,Mitsubishi Electric
1901,Vina Case
1902,Prowin
1903,Sharp
1904,BURBERRY
1905,Zippo
1906,Toshiba
1907,Delta
1908,Orico
1909,Tenda
1910,Mira
1911,Viettel
1912,North Bayou
1913,SanDisk
1914,Mika Coaster
1915,Ingco
1916,Elmich
1917,SUMIKURA
1918,Behringer
1919,Intex
1920,DONG DONG
1921,Intel
1922,ANTA
1923,Sportslink
1924,Sharp
1925,North Bayou
1926,Naturehike
1927,PKCB
1928,Sportslink
1929,Vtel
1930,Mitsubishi
1931,SPEC
1932,ANTA
1933,CHANEL
1934,Asanzo
1935,Kindle
1936,Joy Collection
1937,Pisen
1938,Onyx Boox
1939,WD
1940,Forme
1941,MONSKY
1942,Energizer
1943,Stanley
1944,Sony
1945,Samsung
1946,JYSK
1947,Brother
1948,Sony
1949,Onyx Boox
1950,Delta
1951,GUCCI
1952,Likebook
1953,nhaxiko
1954,OEM
1955,OEM
1956,MSI
1957,Vivo
1958,Cooler Master
1959,Thế Giới Tranh Đẹp
1960,MSI
1961,JYSK
1962,Vsmart
1963,RONALD JACK
1964,Joy Collection
1965,Brother
1966,OEM
1967,HẢI TRIỀU
1968,Biti's Việt Nam
1969,Handtown
1970,OEM
1971,Beko
1972,OPPO
1973,FEDOLI
1974,Salomon
1975,Sunhouse
1976,The Xanh garden supply
1977,LIDACO
1978,Toshiba
1979,Electrolux
1980,Aolikes
1981,LIDACO
1982,DXD
1983,Vinaphone
1984,Photodesign VN
1985,Sharp
1986,ANTA
1987,TP-Link
1988,Bphone
1989,Cooler Master
1990,DXD
1991,DULCETT
1992,Pisen
1993,Nillkin
1994,CHANEL
1995,HẢI TRIỀU
1996,Goldseee
1997,Gree
1998,Bavapen
1999,Tottocase
2000,Electrolux
2001,Spigen
2002,BELLPLUS
2003,Canon
2004,HẢI TRIỀU
2005,Ariston
2006,Befon
2007,Lock&Lock
2008,Xiaomi
2009,GUCCI
2010,Mira
2011,Bavapen
2012,Cisco
2013,Bát Tràng
2014,Vankyo
2015,Bavapen
2016,Puma
2017,Dulux
2018,Asanzo
2019,Viettel
2020,Arirang
2021,Orico
2022,Likebook
2023,AOJIANG SHARK
2024,Panasonic
2025,Masstel
2026,Brother
2027,Onitsuka Tiger
2028,Viettel
2029,SUMIKURA
2030,Masstel
2031,Remax
2032,PGM
2033,Asus
2034,Cooler Master
2035,Amazon
2036,Nillkin
2037,Mitsubishi
2038,Forme
2039,Aqua
2040,TCL
2041,Uncle Bills
2042,Joy Collection
2043,THT
2044,Handtown
2045,DIOR
2046,Samsung
2047,OEM
2048,BELLPLUS
2049,OEM
2050,LIDACO
2051,Apple
2052,Orico
2053,DULCETT
2054,Masstel
2055,Hitachi
2056,HẢI TRIỀU
2057,Đại Nam Sport
2058,Joy Collection
2059,Toshiba
2060,OLSG
2061,DAIKIN
2062,Asanzo
2063,Cisco
2064,SanDisk
2065,Onyx Boox
2066,Biti's Việt Nam
2067,HERMÈS
2068,Song An Eco
2069,Masstel
2070,Ingco
2071,Ferroli
2072,Naturehike
2073,Xiaomi
2074,OEM
2075,Nike
2076,Aqua
2077,DIOR
2078,OEM
2079,Samsung
2080,Onyx Boox
2081,Samsung
2082,ICASE
2083,ANTA
2084,Nike
2085,DIOR
2086,Gor
2087,DULCETT
2088,Bát Tràng
2089,Lock&Lock
2090,Bát Tràng
2091,JYSK
2092,Intex
2093,Stanley
2094,TP-Link
2095,Suntek
2096,Vina Case
2097,Dell
2098,Bavapen
2099,SUMIKURA
2100,Handtown
2101,Brother
2102,Joy Collection
2103,Panasonic
2104,Vivo
2105,Nillkin
2106,UGREEN
2107,RONALD JACK
2108,Total
2109,Zippo
2110,PRADA
2111,Behringer
2112,Gor
2113,Nillkin
2114,Mobell
2115,Bphone
2116,Thuận Phong
2117,Tolsen
2118,Arirang
2119,SAMZHE
2120,OEM
2121,Stanley
2122,Sanaky
2123,OEM
2124,Alaska
2125,SAMZHE
2126,Tiến Sport
2127,Tolsen
2128,SUMIKURA
2129,SAMZHE
2130,Vsmart
2131,OEM
2132,HP
2133,Kingston
2134,Uncle Bills
2135,DAIKIN
2136,Mitsubishi Electric
2137,Vankyo
2138,Remax
2139,Vsmart
2140,Airsport
2141,AOJIANG SHARK
2142,OEM
2143,DAIKIN
2144,Goldseee
2145,BOROFONE
2146,Behringer
2147,Fanvil
2148,Ingco
2149,Dulux
2150,Electrolux
2151,DONG DONG
2152,Sportslink
2153,Samsung
2154,Chí Phèo
2155,Chí Phèo
2156,Onitsuka Tiger
2157,Asus
2158,Kingston
2159,Bphone
2160,Sunhouse
2161,Naturehike
2162,Mira
2163,Bát Tràng
2164,Nillkin
2165,DONG DONG
2166,Spigen
2167,Mobifone
2168,Intex
2169,Asus
2170,OEM
2171,Ingco
2172,Asanzo
2173,DAIKIN
2174,OEM
2175,Nokia
2176,Bát Tràng
2177,Orico
2178,Sony
2179,Song An Eco
2180,Joy Collection
2181,Nillkin
2182,Forme
2183,PGM
2184,Total
2185,Baseus
2186,LiOA
2187,Just Feel Free
2188,OLSG
2189,Panasonic
2190,Airsport
2191,Unitek
2192,OEM
2193,Ferroli
2194,Alaska
2195,Intel
2196,HERMÈS
2197,SUMIKURA
2198,Sunhouse
2199,Mobell
2200,GUCCI
2201,DULCETT
2202,ANTA
2203,Thuận Phong
2204,TP-Link
2205,Mika Coaster
2206,BELLPLUS
2207,BELLPLUS
2208,Asus
2209,UAG
2210,Song An Eco
2211,GP
2212,ANTA
2213,Vankyo
2214,Earldom
2215,OEM
2216,ANTA
2217,VERSACE
2218,Apple
2219,PRADA
2220,LiOA
2221,LiOA
2222,Onyx Boox
2223,NETTA
2224,SUMIKURA
2225,OEM
2226,Likgus
2227,Kindle
2228,EPSON
2229,Tottocase
2230,Apple
2231,Zippo
2232,Bavapen
2233,Fanvil
2234,Everon
2235,Thuận Phong
2236,Brother
2237,Fanvil
2238,SPEC
2239,Toshiba
2240,Likebook
2241,Sportslink
2242,Bát Tràng
2243,TP-Link
2244,Remax
2245,MSI
2246,Befon
2247,Apple
2248,DULCETT
2249,Samsung
2250,NETTA
2251,TOTOLINK
2252,Samsung
2253,Tolsen
2254,Alaska
2255,Samsung
2256,Just Feel Free
2257,Grandstream
2258,Delta
2259,Photodesign VN
2260,Orico
2261,Samsung
2262,HẢI TRIỀU
2263,Vina Case
2264,Pisen
2265,Ariston
2266,Mobifone
2267,Asanzo
2268,FEDOLI
2269,Naturehike
2270,Unitek
2271,Asanzo
2272,Arirang
2273,Tolsen
2274,TP-Link
2275,BELLPLUS
2276,OEM
2277,BELLPLUS
2278,Orico
2279,Asanzo
2280,Nillkin
2281,Unitek
2282,Behringer
2283,Nokia
2284,Huawei
2285,Masstel
2286,Casper
2287,OEM
2288,Befon
2289,Aolikes
2290,Toshiba
2291,Lock&Lock
2292,Chí Phèo
2293,Huawei
2294,Sharp
2295,Gigabyte
2296,Panasonic
2297,Arirang
2298,Tottocase
2299,BlackBerry
2300,ICASE
2301,PGM
2302,DONG DONG
2303,Onyx Boox
2304,Baseus
2305,Panasonic
2306,DONG DONG
2307,Handtown
2308,Gigabyte
2309,Huawei
2310,BlackBerry
2311,TCL
2312,Bphone
2313,Ariston
2314,Samsung
2315,Photodesign VN
2316,Samsung
2317,Aqua
2318,Pisen
2319,Tottocase
2320,Lyvystar
2321,Vankyo
2322,Remax
2323,Asus
2324,ICASE
2325,IBIE
2326,Bát Tràng
2327,THT
2328,Zippo
2329,UGREEN
2330,Samsung
2331,Thế Giới Tranh Đẹp
2332,Joy Collection
2333,Tolsen
2334,Orico
2335,Canon
2336,LiOA
2337,Onyx Boox
2338,Just Feel Free
2339,Gigabyte
2340,NETTA
2341,Xprinter
2342,SENMALL
2343,UGREEN
2344,ICASE
2345,MSI
2346,Airsport
2347,HẢI TRIỀU
2348,Likebook
2349,JYSK
2350,GUCCI
2351,TOTOLINK
2352,Dell
2353,Cooler Master
2354,Sanaky
2355,LG
2356,Vtel
2357,Tolsen
2358,The Xanh garden supply
2359,IBIE
2360,Sharp
2361,UAG
2362,Thuận Phong
2363,DIOR
2364,Acer
2365,Gor
2366,Pisen
2367,OEM
2368,BELLPLUS
2369,BlackBerry
2370,OEM
2371,Rạng Đông
2372,Li-Ning
2373,Mobifone
2374,TOTOLINK
2375,GUCCI
2376,LIDACO
2377,Likgus
2378,Unitek
2379,PKCB
2380,Realme
2381,Unitek
2382,Huawei
2383,Rạng Đông
2384,MSI
2385,Nokia
2386,MONSKY
2387,Joy Collection
2388,Dunlop
2389,Everon
2390,Rạng Đông
2391,BURBERRY
2392,ICASE
2393,Xprinter
2394,Kawasaki
2395,MSI
2396,VERSACE
2397,Hoco
2398,Cooler Master
2399,Samsung
2400,Remax
2401,Panasonic
2402,BURBERRY
2403,Orico
2404,Suntek
2405,Ariston
2406,Vinaphone
2407,Beko
2408,PRADA
2409,Huawei
2410,Mika Coaster
2411,Li-Ning
2412,Gree
2413,Sony
2414,Airsport
2415,Juno Sofa
2416,Mobifone
2417,Vtel
2418,Vivo
2419,TP-Link
2420,Tiến Sport
2421,Dunlop
2422,Song An Eco
2423,Zippo
2424,Handtown
2425,Joy Collection
2426,Vinaphone
2427,nhaxiko
2428,RONALD JACK
2429,Suntek
2430,Huawei
2431,North Bayou
2432,Likgus
2433,PGM
2434,OEM
2435,WD
2436,Vina Case
2437,HERMÈS
2438,Kawasaki
2439,Just Feel Free
2440,GP
2441,PKCB
2442,Thuận Phong
2443,OLSG
2444,Ariston
2445,Bphone
2446,SPEC
2447,Vsmart
2448,Gree
2449,Thuận Phong
2450,ICASE
2451,Befon
2452,Mitsubishi
2453,THT
2454,Alaska
2455,Cisco
2456,Remax
2457,Auto Focus
2458,Salomon
2459,Baseus
2460,Canon
2461,nhaxiko
2462,Photodesign VN
2463,Befon
2464,OEM
2465,Cisco
2466,Suntek
2467,JYSK
2468,DAIKIN
2469,GP
2470,Vinabox
2471,Earldom
2472,Nillkin
2473,BOROFONE
2474,BlackBerry
2475,Vankyo
2476,SPEC
2477,NETTA
2478,SUMIKURA
2479,Toshiba
2480,Tenda
2481,Behringer
2482,OEM
2483,Orico
2484,Bảo Anh
2485,Forme
2486,PRADA
2487,ICASE
2488,Ferroli
2489,BlackBerry
2490,Pisen
2491,Tenda
2492,Vina Case
2493,Aqua
2494,Goldseee
2495,Huawei
2496,EPSON
2497,SAMZHE
2498,BlackBerry
2499,Suntek
2500,Nokia
2501,UGREEN
2502,MONSKY
2503,Intex
2504,Sportslink
2505,Thuận Phong
2506,Unitek
2507,LiOA
2508,Intel
2509,Xiaomi
2510,Bavapen
2511,BURBERRY
2512,Sanaky
2513,North Bayou
2514,Unitek
2515,Airsport
2516,Gree
2517,Mobifone
2518,Samsung
2519,Realme
2520,Bavapen
2521,Thế Giới Tranh Đẹp
2522,Mika Coaster
2523,Kindle
2524,LG
2525,ICASE
2526,Panasonic
2527,Samsung
2528,Total
2529,Cisco
2530,Cisco
2531,Joy Collection
2532,Hitachi
2533,BlackBerry
2534,Cisco
2535,VERSACE
2536,Pisen
2537,IBIE
2538,Remax
2539,OEM
2540,BULBAL
2541,Energizer
2542,Hoco
2543,Bphone
2544,CHANEL
2545,Remax
2546,Ingco
2547,THT
2548,Rạng Đông
2549,Bphone
2550,Onitsuka Tiger
2551,Spigen
2552,Goldseee
2553,OEM
2554,UGREEN
2555,OEM
2556,Remax
2557,Everon
2558,UGREEN
2559,Vankyo
2560,LiOA
2561,Ariston
2562,Vsmart
2563,Bát Tràng
2564,Lyvystar
2565,UGREEN
2566,DULCETT
2567,Masstel
2568,Grandstream
2569,Remax
2570,Xiaomi
2571,AOJIANG SHARK
2572,Vsmart
2573,NETTACASE
2574,Nike
2575,EPSON
2576,BELLPLUS
2577,Mitsubishi Electric
2578,Forme
2579,DULCETT
2580,Prowin
2581,Xprinter
2582,Nillkin
2583,Dunlop
2584,Likgus
2585,IBIE
2586,Cooler Master
2587,OEM
2588,Toshiba
2589,Elmich
2590,BULBAL
2591,Thế Giới Tranh Đẹp
2592,Sony
2593,BELLPLUS
2594,DIOR
2595,Arirang
2596,Mobell
2597,Tiến Sport
2598,Electrolux
2599,Chí Phèo
2600,Onitsuka Tiger
2601,Onitsuka Tiger
2602,Cooler Master
2603,Mitsubishi Electric
2604,VERSACE
2605,Apple
2606,OLSG
2607,OLSG
2608,UAG
2609,Kingston
2610,Forme
2611,Vivo
2612,OEM
2613,DONG DONG
2614,Photodesign VN
2615,Samsung
2616,Elmich
2617,Likgus
2618,Ariston
2619,Panasonic
2620,SENMALL
2621,Dunlop
2622,Sunhouse
2623,Mitsubishi Electric
2624,OEM
2625,NETTA
2626,Mitsubishi Electric
2627,Juno Sofa
2628,Asanzo
2629,Fanvil
2630,Thuận Phong
2631,Prowin
2632,Vivo
2633,Photodesign VN
2634,Vtel
2635,Huawei
2636,Xprinter
2637,Vtel
2638,Nike
2639,Unitek
2640,TCL
2641,Delta
2642,SPEC
2643,Mitsubishi
2644,Joy Collection
2645,Mika Coaster
2646,GUCCI
2647,DONG DONG
2648,Song An Eco
2649,Mobell
2650,Likgus
2651,Airsport
2652,NETTACASE
2653,Huawei
2654,Onyx Boox
2655,Suntek
2656,Asus
2657,Đại Nam Sport
2658,Mika Coaster
2659,Delta
2660,Ingco
2661,Chí Phèo
2662,DIOR
2663,North Bayou
2664,Nokia
2665,UGREEN
2666,Cooler Master
2667,DXD
2668,Zippo
2669,UAG
2670,Cooler Master
2671,Dulux
2672,EPSON
2673,Juno Sofa
2674,Canon
2675,Uncle Bills
2676,Dell
2677,UAG
2678,Puma
2679,Beko
2680,Vinaphone
2681,Đại Nam Sport
2682,PRADA
2683,SUMIKURA
2684,OEM
2685,BELLPLUS
2686,Ferroli
2687,Xiaomi
2688,TCL
2689,BURBERRY
2690,Grandstream
2691,Hitachi
2692,Just Feel Free
2693,Samsung
2694,Lock&Lock
2695,JYSK
2696,Li-Ning
2697,Vinaphone
2698,Sanaky
2699,North Bayou
2700,Mika Coaster
2701,Asus
2702,Vtel
2703,Ferroli
2704,OPPO
2705,Elmich
2706,Biti's Việt Nam
2707,Chí Phèo
2708,Vivo
2709,Vinabox
2710,LG
2711,Vinabox
2712,Suntek
2713,THT
2714,Aqua
2715,Apple
2716,Dunlop
2717,Everon
2718,Just Feel Free
2719,DULCETT
2720,Grandstream
2721,Dell
2722,MONSKY
2723,Earldom
2724,NETTACASE
2725,Everon
2726,Nokia
2727,Nokia
2728,OEM
2729,Vivo
2730,Huawei
2731,Mika Coaster
2732,Ferroli
2733,Ariston
2734,Cisco
2735,Sportslink
2736,ANTA
2737,LIDACO
2738,Onyx Boox
2739,Cisco
2740,OEM
2741,Thế Giới Tranh Đẹp
2742,DIOR
2743,PRADA
2744,Uncle Bills
2745,Tolsen
2746,Onyx Boox
2747,Photodesign VN
2748,Đại Nam Sport
2749,Dulux
2750,Huawei
2751,HP
2752,Lock&Lock
2753,Vina Case
2754,Cisco
2755,AOJIANG SHARK
2756,DIOR
2757,AOJIANG SHARK
2758,Samsung
2759,Beko
2760,Goldseee
2761,Adidas
2762,Nike
2763,Cooler Master
2764,Grandstream
2765,LIDACO
2766,Masstel
2767,LiOA
2768,Sharp
2769,SPEC
2770,Mika Coaster
2771,OEM
2772,Biti's Việt Nam
2773,JYSK
2774,Mobell
2775,SENMALL
2776,TP-Link
2777,LiOA
2778,Dulux
2779,Dunlop
2780,Li-Ning
2781,Dunlop
2782,Viettel
2783,Vinabox
2784,Xprinter
2785,Asanzo
2786,Total
2787,Stanley
2788,Suntek
2789,Toshiba
2790,Mobifone
2791,Lyvystar
2792,LiOA
2793,Juno Sofa
2794,Xiaomi
2795,THT
2796,Cisco
2797,HERMÈS
2798,Dell
2799,Forme
2800,Total
2801,Mitsubishi Electric
2802,Sanaky
2803,EPSON
2804,Samsung
2805,Asanzo
2806,Aqua
2807,TOTOLINK
2808,TCL
2809,Goldseee
2810,Everon
2811,Fanvil
2812,Xprinter
2813,Arirang
2814,Goldseee
2815,Cisco
2816,Onyx Boox
2817,Fanvil
2818,Vsmart
2819,Bát Tràng
2820,Cooler Master
2821,Sanaky
2822,Total
2823,HERMÈS
2824,BlackBerry
2825,Aolikes
2826,HERMÈS
2827,Sunhouse
2828,DONG DONG
2829,Intel
2830,DAIKIN
2831,HP
2832,SAMZHE
2833,Naturehike
2834,MONSKY
2835,Ferroli
2836,Vinabox
2837,NETTA
2838,Realme
2839,ANTA
2840,Vtel
2841,Lock&Lock
2842,PKCB
2843,Vinabox
2844,Auto Focus
2845,Gree
2846,GUCCI
2847,BOROFONE
2848,Apple
2849,Lyvystar
2850,EPSON
2851,EPSON
2852,Acer
2853,Suntek
2854,Kindle
2855,Earldom
2856,Airsport
2857,Samsung
2858,Uncle Bills
2859,Onitsuka Tiger
2860,Arirang
2861,UGREEN
2862,Vinabox
2863,ICASE
2864,Auto Focus
2865,Samsung
2866,Aqua
2867,BELLPLUS
2868,Photodesign VN
2869,Gor
2870,OEM
2871,Joy Collection
2872,Masstel
2873,Zippo
2874,Onitsuka Tiger
2875,Toshiba
2876,Everon
2877,FEDOLI
2878,Mobifone
2879,OEM
2880,Likgus
2881,Sportslink
2882,Rạng Đông
2883,Dulux
2884,EPSON
2885,Sharp
2886,Samsung
2887,Cisco
2888,Adidas
2889,Gree
2890,nhaxiko
2891,Realme
2892,Biti's Việt Nam
2893,Gor
2894,LG
2895,SPEC
2896,Handtown
2897,Amazon
2898,Asus
2899,Puma
2900,Amazon
2901,Joy Collection
2902,EPSON
2903,Puma
2904,OPPO
2905,Hitachi
2906,Befon
2907,Handtown
2908,UGREEN
2909,MONSKY
2910,Goldseee
2911,Fanvil
2912,nhaxiko
2913,Intel
2914,Likebook
2915,Tolsen
2916,Joy Collection
2917,Tiến Sport
2918,Tottocase
2919,LG
2920,CHANEL
2921,OLSG
2922,Joy Collection
2923,Bavapen
2924,The Xanh garden supply
2925,Thế Giới Tranh Đẹp
2926,THT
2927,BULBAL
2928,HẢI TRIỀU
2929,SanDisk
2930,OEM
2931,Onitsuka Tiger
2932,Aolikes
2933,Gigabyte
2934,Goldseee
2935,DULCETT
2936,ANTA
2937,DXD
2938,Mira
2939,Joy Collection
2940,Beko
2941,Photodesign VN
2942,Remax
2943,Bảo Anh
2944,Airsport
2945,Photodesign VN
2946,Remax
2947,Intex
2948,Casper
2949,Hoco
2950,VERSACE
2951,JYSK
2952,SPEC
2953,Naturehike
2954,Puma
2955,IBIE
2956,Cooler Master
2957,Sunhouse
2958,Uncle Bills
2959,FEDOLI
2960,Vivo
2961,Mitsubishi Electric
2962,Mobell
2963,Vina Case
2964,Cooler Master
2965,Vsmart
2966,Intex
2967,Lock&Lock
2968,Electrolux
2969,NETTACASE
2970,Toshiba
2971,PKCB
2972,Apple
2973,Joy Collection
2974,Dell
2975,Photodesign VN
2976,Acer
2977,GUCCI
2978,Puma
2979,Alaska
2980,Sharp
2981,Mika Coaster
2982,Alaska
2983,Joy Collection
2984,Gigabyte
2985,Nokia
2986,Intel
2987,Befon
2988,Asanzo
2989,GUCCI
2990,DULCETT
2991,Joy Collection
2992,ICASE
2993,Fanvil
2994,Naturehike
2995,BURBERRY
2996,Tottocase
2997,Huawei
2998,IBIE
2999,Photodesign VN
3000,RONALD JACK
3001,nhaxiko
3002,SENMALL
3003,SAMZHE
3004,Bavapen
3005,PGM
3006,Ingco
3007,VERSACE
3008,Everon
3009,Kindle
3010,Song An Eco
3011,SanDisk
3012,Sanaky
3013,Nike
3014,Realme
3015,Naturehike
3016,Panasonic
3017,Samsung
3018,Likgus
3019,UGREEN
3020,Vtel
3021,IBIE
3022,Viettel
3023,Energizer
3024,Airsport
3025,UAG
3026,Mobell
3027,Asus
3028,VERSACE
3029,HP
3030,Mobell
3031,Lyvystar
3032,HẢI TRIỀU
3033,Vsmart
3034,Hoco
3035,Puma
3036,Samsung
3037,Casper
3038,Ingco
3039,ICASE
3040,Vinabox
3041,UGREEN
3042,Bavapen
3043,Alaska
3044,Hitachi
3045,Uncle Bills
3046,UAG
3047,HP
3048,Nokia
3049,CHANEL
3050,Orico
3051,Energizer
3052,Unitek
3053,Song An Eco
3054,ICASE
3055,THT
3056,Behringer
3057,Hitachi
3058,NETTACASE
3059,Joy Collection
3060,Pisen
3061,Dell
3062,CHANEL
3063,Samsung
3064,Orico
3065,HP
3066,Onitsuka Tiger
3067,Likebook
3068,Vtel
3069,Adidas
3070,Salomon
3071,LIDACO
3072,Mika Coaster
3073,Grandstream
3074,Puma
3075,Fanvil
3076,ANTA
3077,Vivo
3078,Kingston
3079,Bát Tràng
3080,CHANEL
3081,DAIKIN
3082,Bát Tràng
3083,GUCCI
3084,Dell
3085,Xprinter
3086,Gor
3087,Likgus
3088,Dulux
3089,Ferroli
3090,BELLPLUS
3091,Elmich
3092,SAMZHE
3093,Masstel
3094,Xprinter
3095,Unitek
3096,UGREEN
3097,DAIKIN
3098,Mitsubishi
3099,FEDOLI
3100,Likebook
3101,OEM
3102,LIDACO
3103,Mobifone
3104,Baseus
3105,Hitachi
3106,SPEC
3107,Arirang
3108,Samsung
3109,Energizer
3110,Puma
3111,DXD
3112,Behringer
3113,Airsport
3114,Joy Collection
3115,OEM
3116,Suntek
3117,SanDisk
3118,OEM
3119,Masstel
3120,OLSG
3121,Likebook
3122,Nillkin
3123,MONSKY
3124,SUMIKURA
3125,Goldseee
3126,DULCETT
3127,SENMALL
3128,LG
3129,Vivo
3130,Ariston
3131,Behringer
3132,Sunhouse
3133,Aolikes
3134,Tiến Sport
3135,Tiến Sport
3136,Mobifone
3137,Ariston
3138,BULBAL
3139,Naturehike
3140,Electrolux
3141,THT
3142,HẢI TRIỀU
3143,UAG
3144,SPEC
3145,Mobell
3146,Mobifone
3147,NETTACASE
3148,Tottocase
3149,Bảo Anh
3150,Vinaphone
3151,SAMZHE
3152,Electrolux
3153,Aqua
3154,HERMÈS
3155,CHANEL
3156,Xprinter
3157,Brother
3158,SUMIKURA
3159,GP
3160,Gor
3161,Sharp
3162,Vivo
3163,Amazon
3164,UGREEN
3165,BELLPLUS
3166,OLSG
3167,Goldseee
3168,Kingston
3169,HERMÈS
3170,GP
3171,LiOA
3172,OLSG
3173,NETTA
3174,HP
3175,Hitachi
3176,MONSKY
3177,Acer
3178,Grandstream
3179,Bphone
3180,Panasonic
3181,NETTA
3182,BURBERRY
3183,UAG
3184,LIDACO
3185,HẢI TRIỀU
3186,Vsmart
3187,Dunlop
3188,Nike
3189,Tiến Sport
3190,IBIE
3191,Naturehike
3192,CHANEL
3193,Samsung
3194,Bphone
3195,Lyvystar
3196,BURBERRY
3197,Electrolux
3198,Airsport
3199,NETTA
3200,LIDACO
3201,DULCETT
3202,Hoco
3203,Vinaphone
3204,GUCCI
3205,PGM
3206,Puma
3207,Tolsen
3208,Viettel
3209,DULCETT
3210,Bavapen
3211,TOTOLINK
3212,Everon
3213,Mobell
3214,Pisen
3215,Panasonic
3216,Toshiba
3217,Li-Ning
3218,NETTACASE
3219,AOJIANG SHARK
3220,Huawei
3221,Tolsen
3222,Electrolux
3223,North Bayou
3224,Behringer
3225,Samsung
3226,LiOA
3227,Gor
3228,DAIKIN
3229,WD
3230,LG
3231,Delta
3232,Vinabox
3233,Ingco
3234,SENMALL
3235,Vina Case
3236,Huawei
3237,Intex
3238,BOROFONE
3239,BlackBerry
3240,LIDACO
3241,Ferroli
3242,DXD
3243,Everon
3244,Gor
3245,Total
3246,Cisco
3247,MSI
3248,Nillkin
3249,OPPO
3250,SPEC
3251,UGREEN
3252,HP
3253,Orico
3254,Samsung
3255,Acer
3256,PGM
3257,OPPO
3258,Vsmart
3259,SanDisk
3260,Total
3261,Vivo
3262,Adidas
3263,Mika Coaster
3264,PGM
3265,Aolikes
3266,Intex
3267,VERSACE
3268,Đại Nam Sport
3269,DIOR
3270,Samsung
3271,Biti's Việt Nam
3272,Vtel
3273,Huawei
3274,Canon
3275,Befon
3276,AOJIANG SHARK
3277,Pisen
3278,Asus
3279,Salomon
3280,Energizer
3281,UGREEN
3282,HERMÈS
3283,Likebook
3284,Samsung
3285,Juno Sofa
3286,The Xanh garden supply
3287,OEM
3288,UAG
3289,Photodesign VN
3290,Joy Collection
3291,Joy Collection
3292,ANTA
3293,UAG
3294,Baseus
3295,Delta
3296,Total
3297,nhaxiko
3298,Fanvil
3299,Xprinter
3300,Suntek
3301,MONSKY
3302,Panasonic
3303,Baseus
3304,Panasonic
3305,Vsmart
3306,Mitsubishi
3307,DONG DONG
3308,Amazon
3309,Sony
3310,North Bayou
3311,Mobell
3312,DAIKIN
3313,Likgus
3314,Bát Tràng
3315,Uncle Bills
3316,Amazon
3317,Tottocase
3318,Ferroli
3319,Rạng Đông
3320,DULCETT
3321,Ferroli
3322,Mobifone
3323,BlackBerry
3324,Xiaomi
3325,BlackBerry
3326,Panasonic
3327,Biti's Việt Nam
3328,Rạng Đông
3329,Ariston
3330,DXD
3331,UGREEN
3332,Ariston
3333,Acer
3334,PKCB
3335,Beko
3336,Dulux
3337,Puma
3338,Amazon
3339,Xiaomi
3340,Auto Focus
3341,Xiaomi
3342,Ariston
3343,LG
3344,Energizer
3345,Bát Tràng
3346,Just Feel Free
3347,OEM
3348,LIDACO
3349,Naturehike
3350,Mobifone
3351,Arirang
3352,NETTA
3353,Baseus
3354,Grandstream
3355,Sunhouse
3356,HẢI TRIỀU
3357,Samsung
3358,HẢI TRIỀU
3359,Thuận Phong
3360,VERSACE
3361,SPEC
3362,Joy Collection
3363,MONSKY
3364,Vivo
3365,Viettel
3366,OEM
3367,Mitsubishi Electric
3368,OEM
3369,SENMALL
3370,OPPO
3371,UAG
3372,Mitsubishi
3373,Bphone
3374,Ariston
3375,Prowin
3376,DIOR
3377,Mitsubishi
3378,EPSON
3379,Arirang
3380,Sportslink
3381,DIOR
3382,Canon
3383,THT
3384,Joy Collection
3385,HP
3386,UAG
3387,Stanley
3388,Juno Sofa
3389,Kawasaki
3390,OEM
3391,DONG DONG
3392,Alaska
3393,Electrolux
3394,Suntek
3395,Tolsen
3396,Aqua
3397,Baseus
3398,Vivo
3399,Tolsen
3400,Kingston
3401,HẢI TRIỀU
3402,CHANEL
3403,Behringer
3404,Mobifone
3405,DIOR
3406,GUCCI
3407,DAIKIN
3408,BlackBerry
3409,BOROFONE
3410,Juno Sofa
3411,PRADA
3412,Forme
3413,SanDisk
3414,Vinabox
3415,BURBERRY
3416,Elmich
3417,Lock&Lock
3418,Suntek
3419,Ariston
3420,Thuận Phong
3421,PRADA
3422,Zippo
3423,OLSG
3424,Vinaphone
3425,Pisen
3426,Aqua
3427,Vsmart
3428,Nokia
3429,Gor
3430,Hoco
3431,Chí Phèo
3432,Fanvil
3433,Cisco
3434,Viettel
3435,Sanaky
3436,PRADA
3437,Puma
3438,AOJIANG SHARK
3439,LIDACO
3440,Elmich
3441,SUMIKURA
3442,Joy Collection
3443,North Bayou
3444,Dell
3445,VERSACE
3446,Dunlop
3447,Mitsubishi
3448,Thuận Phong
3449,Nokia
3450,TOTOLINK
3451,BOROFONE
3452,Vinabox
3453,HP
3454,UGREEN
3455,Gigabyte
3456,DULCETT
3457,Naturehike
3458,Samsung
3459,Samsung
3460,The Xanh garden supply
3461,Lyvystar
3462,DXD
3463,Thế Giới Tranh Đẹp
3464,Masstel
3465,Electrolux
3466,Elmich
3467,Brother
3468,Puma
3469,OPPO
3470,DIOR
3471,Sanaky
3472,Grandstream
3473,OEM
3474,Vina Case
3475,Delta
3476,Beko
3477,Electrolux
3478,Earldom
3479,Beko
3480,Joy Collection
3481,Gigabyte
3482,Samsung
3483,CHANEL
3484,PKCB
3485,Gigabyte
3486,Aqua
3487,TCL
3488,DAIKIN
3489,Vina Case
3490,Vina Case
3491,ICASE
3492,Kawasaki
3493,ANTA
3494,SAMZHE
3495,Dell
3496,Forme
3497,Kingston
3498,Toshiba
3499,Prowin
3500,Electrolux
3501,OEM
3502,IBIE
3503,The Xanh garden supply
3504,Panasonic
3505,Lock&Lock
3506,Vinabox
3507,EPSON
3508,FEDOLI
3509,HẢI TRIỀU
3510,Airsport
3511,PGM
3512,Xiaomi
3513,PGM
3514,BlackBerry
3515,OEM
3516,Total
3517,Cisco
3518,Panasonic
3519,Realme
3520,EPSON
3521,Unitek
3522,Tiến Sport
3523,Realme
3524,Prowin
3525,Just Feel Free
3526,PGM
3527,Airsport
3528,Handtown
3529,Puma
3530,Adidas
3531,Tottocase
3532,SanDisk
3533,Asus
3534,THT
3535,Samsung
3536,Electrolux
3537,Remax
3538,Kingston
3539,Ingco
3540,BULBAL
3541,SUMIKURA
3542,Kingston
3543,Kingston
3544,Cisco
3545,Brother
3546,SUMIKURA
3547,Vivo
3548,Vinaphone
3549,Vtel
3550,THT
3551,Brother
3552,Ingco
3553,Vtel
3554,Kawasaki
3555,Goldseee
3556,OEM
3557,Airsport
3558,Vtel
3559,UGREEN
3560,Fanvil
3561,Lock&Lock
3562,Dunlop
3563,Elmich
3564,Rạng Đông
3565,DXD
3566,Mira
3567,Sharp
3568,UGREEN
3569,Intel
3570,Delta
3571,Behringer
3572,Sanaky
3573,Photodesign VN
3574,Nike
3575,IBIE
3576,Mobifone
3577,GP
3578,Ariston
3579,Rạng Đông
3580,OLSG
3581,Nillkin
3582,OEM
3583,Sony
3584,Nillkin
3585,DONG DONG
3586,OEM
3587,Asus
3588,Cisco
3589,Viettel
3590,Bavapen
3591,Naturehike
3592,Casper
3593,Zippo
3594,Nike
3595,HP
3596,nhaxiko
3597,THT
3598,Energizer
3599,GP
3600,Mitsubishi
3601,TOTOLINK
3602,nhaxiko
3603,Hoco
3604,Auto Focus
3605,OEM
3606,Onitsuka Tiger
3607,LG
3608,Airsport
3609,Kingston
3610,LG
3611,Beko
3612,Mitsubishi Electric
3613,Beko
3614,Panasonic
3615,Goldseee
3616,Aolikes
3617,Ferroli
3618,OLSG
3619,Vivo
3620,Earldom
3621,Joy Collection
3622,Amazon
3623,VERSACE
3624,Juno Sofa
3625,Huawei
3626,Orico
3627,Dulux
3628,SanDisk
3629,nhaxiko
3630,GUCCI
3631,Viettel
3632,Photodesign VN
3633,Puma
3634,Pisen
3635,Viettel
3636,Everon
3637,Bát Tràng
3638,Juno Sofa
3639,Biti's Việt Nam
3640,TOTOLINK
3641,Spigen
3642,Ariston
3643,Panasonic
3644,Bavapen
3645,Sunhouse
3646,Mitsubishi
3647,Intel
3648,PKCB
3649,Bát Tràng
3650,Sony
3651,Handtown
3652,Everon
3653,Forme
3654,Cisco
3655,PGM
3656,Brother
3657,Prowin
3658,Naturehike
3659,Earldom
3660,TP-Link
3661,Intel
3662,DAIKIN
3663,MSI
3664,Xprinter
3665,MONSKY
3666,RONALD JACK
3667,Joy Collection
3668,Brother
3669,Onitsuka Tiger
3670,Huawei
3671,Rạng Đông
3672,Mika Coaster
3673,Rạng Đông
3674,Realme
3675,Apple
3676,PKCB
3677,Cisco
3678,Cisco
3679,EPSON
3680,GP
3681,DIOR
3682,Panasonic
3683,DXD
3684,FEDOLI
3685,Naturehike
3686,Just Feel Free
3687,SENMALL
3688,Tottocase
3689,MSI
3690,Auto Focus
3691,Mobell
3692,Bphone
3693,Sony
3694,Lock&Lock
3695,BURBERRY
3696,OEM
3697,OEM
3698,North Bayou
3699,Arirang
3700,Tenda
3701,Salomon
3702,Forme
3703,Elmich
3704,Juno Sofa
3705,Zippo
3706,Befon
3707,Cooler Master
3708,Kingston
3709,THT
3710,Vsmart
3711,BURBERRY
3712,Bát Tràng
3713,Intex
3714,Elmich
3715,Asus
3716,Total
3717,Nokia
3718,Earldom
3719,Sony
3720,Huawei
3721,UGREEN
3722,Vinabox
3723,Huawei
3724,Bavapen
3725,Joy Collection
3726,Li-Ning
3727,Huawei
3728,DIOR
3729,Mobell
3730,HP
3731,Vtel
3732,ANTA
3733,Nike
3734,BURBERRY
3735,Xiaomi
3736,Gigabyte
3737,Handtown
3738,Viettel
3739,Cisco
3740,Dulux
3741,Tiến Sport
3742,PKCB
3743,Sharp
3744,Elmich
3745,Gor
3746,North Bayou
3747,Likgus
3748,Unitek
3749,WD
3750,BELLPLUS
3751,THT
3752,TP-Link
3753,HERMÈS
3754,Grandstream
3755,Nike
3756,Panasonic
3757,Kindle
3758,DONG DONG
3759,WD
3760,UGREEN
3761,Ingco
3762,EPSON
3763,HP
3764,BELLPLUS
3765,Intel
3766,Unitek
3767,DAIKIN
3768,Delta
3769,nhaxiko
3770,Samsung
3771,Mitsubishi Electric
3772,Đại Nam Sport
3773,Tiến Sport
3774,Airsport
3775,PGM
3776,Lyvystar
3777,Nokia
3778,Cisco
3779,SPEC
3780,Dunlop
3781,Vsmart
3782,Ingco
3783,Vivo
3784,Elmich
3785,Thế Giới Tranh Đẹp
3786,DAIKIN
3787,Nike
3788,FEDOLI
3789,Mika Coaster
3790,MSI
3791,TP-Link
3792,Everon
3793,Mika Coaster
3794,Gigabyte
3795,EPSON
3796,Joy Collection
3797,Tiến Sport
3798,EPSON
3799,Asus
3800,Cooler Master
3801,Masstel
3802,MSI
3803,Bát Tràng
3804,Huawei
3805,Tenda
3806,Pisen
3807,LG
3808,SENMALL
3809,Chí Phèo
3810,Airsport
3811,Vankyo
3812,WD
3813,SAMZHE
3814,Gree
3815,OEM
3816,CHANEL
3817,Cisco
3818,BURBERRY
3819,Chí Phèo
3820,Bảo Anh
3821,Lyvystar
3822,RONALD JACK
3823,Realme
3824,Song An Eco
3825,Apple
3826,Salomon
3827,Energizer
3828,Dulux
3829,Biti's Việt Nam
3830,WD
3831,HẢI TRIỀU
3832,Suntek
3833,Mitsubishi Electric
3834,Dulux
3835,Earldom
3836,DXD
3837,Gigabyte
3838,Vtel
3839,TP-Link
3840,Toshiba
3841,VERSACE
3842,Mobell
3843,Elmich
3844,MSI
3845,Goldseee
3846,Tenda
3847,Uncle Bills
3848,Vankyo
3849,Amazon
3850,Orico
3851,Song An Eco
3852,Biti's Việt Nam
3853,Tottocase
3854,Grandstream
3855,Panasonic
3856,OEM
3857,JYSK
3858,Huawei
3859,Kingston
3860,Viettel
3861,Alaska
3862,Mobifone
3863,LiOA
3864,Đại Nam Sport
3865,Ferroli
3866,Nokia
3867,Chí Phèo
3868,DAIKIN
3869,Stanley
3870,Joy Collection
3871,Masstel
3872,Lock&Lock
3873,Bavapen
3874,Gree
3875,Đại Nam Sport
3876,OEM
3877,OEM
3878,Sanaky
3879,Apple
3880,Suntek
3881,Rạng Đông
3882,GUCCI
3883,Li-Ning
3884,Just Feel Free
3885,Vivo
3886,SPEC
3887,GP
3888,DXD
3889,DONG DONG
3890,Behringer
3891,NETTA
3892,Lyvystar
3893,BlackBerry
3894,Gor
3895,Orico
3896,Likgus
3897,Ferroli
3898,Grandstream
3899,Delta
3900,OEM
3901,ICASE
3902,Aolikes
3903,Gree
3904,Remax
3905,Xprinter
3906,OEM
3907,Remax
3908,Forme
3909,Gor
3910,Electrolux
3911,Bavapen
3912,Sportslink
3913,Kingston
3914,RONALD JACK
3915,Naturehike
3916,Hitachi
3917,Xprinter
3918,Fanvil
3919,PGM
3920,Puma
3921,ICASE
3922,FEDOLI
3923,Li-Ning
3924,Zippo
3925,Hitachi
3926,Xiaomi
3927,Chí Phèo
3928,Dulux
3929,Asanzo
3930,Bphone
3931,ANTA
3932,MSI
3933,AOJIANG SHARK
3934,NETTACASE
3935,Thế Giới Tranh Đẹp
3936,Samsung
3937,Dulux
3938,Bphone
3939,IBIE
3940,Forme
3941,SUMIKURA
3942,AOJIANG SHARK
3943,IBIE
3944,Baseus
3945,THT
3946,Thuận Phong
3947,Cooler Master
3948,North Bayou
3949,OEM
3950,Total
3951,BULBAL
3952,Suntek
3953,Chí Phèo
3954,VERSACE
3955,Behringer
3956,TOTOLINK
3957,Kingston
3958,Uncle Bills
3959,Huawei
3960,Song An Eco
3961,Pisen
3962,Joy Collection
3963,IBIE
3964,Mitsubishi
3965,Joy Collection
3966,Ariston
3967,UGREEN
3968,Puma
3969,Onyx Boox
3970,Hoco
3971,Sportslink
3972,Everon
3973,Unitek
3974,Mika Coaster
3975,Mitsubishi Electric
3976,JYSK
3977,Đại Nam Sport
3978,BlackBerry
3979,Viettel
3980,OEM
3981,Xiaomi
3982,Ariston
3983,TP-Link
3984,Naturehike
3985,PGM
3986,Gor
3987,Casper
3988,Chí Phèo
3989,Nokia
3990,Ingco
3991,Ariston
3992,MSI
3993,Tenda
3994,UGREEN
3995,AOJIANG SHARK
3996,Likgus
3997,Brother
3998,NETTA
3999,The Xanh garden supply
4000,Cisco
4001,Kingston
4002,Hoco
4003,Bavapen
4004,UGREEN
4005,Fanvil
4006,OEM
4007,AOJIANG SHARK
4008,Suntek
4009,Bảo Anh
4010,Zippo
4011,HẢI TRIỀU
4012,The Xanh garden supply
4013,NETTA
4014,OEM
4015,Kawasaki
4016,Huawei
4017,Canon
4018,Amazon
4019,Goldseee
4020,Fanvil
4021,Kingston
4022,TCL
4023,UAG
4024,UGREEN
4025,Onyx Boox
4026,Intex
4027,Tolsen
4028,Aolikes
4029,Dell
4030,Uncle Bills
4031,Dell
4032,SUMIKURA
4033,Tottocase
4034,Mobifone
4035,NETTA
4036,Thế Giới Tranh Đẹp
4037,Amazon
4038,Baseus
4039,SENMALL
4040,Ingco
4041,Asus
4042,Sanaky
4043,Cisco
4044,Adidas
4045,NETTA
4046,Auto Focus
4047,BOROFONE
4048,Xiaomi
4049,SUMIKURA
4050,NETTA
4051,Tiến Sport
4052,Tolsen
4053,Kawasaki
4054,Chí Phèo
4055,Befon
4056,Li-Ning
4057,Samsung
4058,Joy Collection
4059,Alaska
4060,Aolikes
4061,OEM
4062,Nokia
4063,Electrolux
4064,WD
4065,Prowin
4066,Panasonic
4067,NETTACASE
4068,Joy Collection
4069,UGREEN
4070,Tenda
4071,Mobell
4072,Nillkin
4073,Onitsuka Tiger
4074,HERMÈS
4075,TCL
4076,Bảo Anh
4077,BOROFONE
4078,SanDisk
4079,DIOR
4080,Prowin
4081,Bphone
4082,Đại Nam Sport
4083,Sony
4084,Pisen
4085,BlackBerry
4086,Nokia
4087,Airsport
4088,LiOA
4089,Li-Ning
4090,Sunhouse
4091,Tolsen
4092,Asanzo
4093,Bphone
4094,Canon
4095,OEM
4096,Bát Tràng
4097,DIOR
4098,Tenda
4099,Joy Collection
4100,OEM
4101,Xiaomi
4102,Mira
4103,Dulux
4104,Behringer
4105,North Bayou
4106,Energizer
4107,Grandstream
4108,DONG DONG
4109,Sanaky
4110,OEM
4111,Vtel
4112,Lyvystar
4113,Ingco
4114,Delta
4115,Vinaphone
4116,OEM
4117,DULCETT
4118,Everon
4119,Total
4120,Puma
4121,Pisen
4122,Aolikes
4123,BELLPLUS
4124,Biti's Việt Nam
4125,Bphone
4126,Goldseee
4127,BELLPLUS
4128,Bát Tràng
4129,Vinabox
4130,PGM
4131,Dulux
4132,Zippo
4133,Kindle
4134,Prowin
4135,Nike
4136,Salomon
4137,Orico
4138,Huawei
4139,Likebook
4140,EPSON
4141,Acer
4142,Lyvystar
4143,Airsport
4144,FEDOLI
4145,SPEC
4146,TP-Link
4147,Just Feel Free
4148,Sportslink
4149,Auto Focus
4150,Casper
4151,CHANEL
4152,DAIKIN
4153,Panasonic
4154,Mitsubishi
4155,WD
4156,Chí Phèo
4157,HẢI TRIỀU
4158,Suntek
4159,Grandstream
4160,Dunlop
4161,WD
4162,Asanzo
4163,HẢI TRIỀU
4164,Kawasaki
4165,Earldom
4166,Airsport
4167,TP-Link
4168,Forme
4169,Suntek
4170,LiOA
4171,Vinaphone
4172,Bát Tràng
4173,Biti's Việt Nam
4174,Lock&Lock
4175,Prowin
4176,Mobifone
4177,Tenda
4178,Joy Collection
4179,Samsung
4180,Behringer
4181,Vivo
4182,Goldseee
4183,BELLPLUS
4184,BURBERRY
4185,PGM
4186,Nillkin
4187,Behringer
4188,DULCETT
4189,Lock&Lock
4190,Tenda
4191,SUMIKURA
4192,Joy Collection
4193,RONALD JACK
4194,Chí Phèo
4195,Forme
4196,Dunlop
4197,Just Feel Free
4198,Befon
4199,Brother
4200,OPPO
4201,Cooler Master
4202,ANTA
4203,Vina Case
4204,Đại Nam Sport
4205,Acer
4206,Electrolux
4207,DONG DONG
4208,Unitek
4209,DONG DONG
4210,ICASE
4211,Delta
4212,Hoco
4213,Cisco
4214,OEM
4215,Spigen
4216,Bphone
4217,Nokia
4218,BELLPLUS
4219,Vivo
4220,Samsung
4221,BELLPLUS
4222,Vsmart
4223,Mitsubishi Electric
4224,THT
4225,PGM
4226,Photodesign VN
4227,Acer
4228,GUCCI
4229,Đại Nam Sport
4230,Kindle
4231,Joy Collection
4232,OEM
4233,Huawei
4234,Uncle Bills
4235,Mitsubishi
4236,ANTA
4237,Sony
4238,AOJIANG SHARK
4239,Suntek
4240,Vinabox
4241,Tolsen
4242,Stanley
4243,Realme
4244,NETTACASE
4245,Arirang
4246,OEM
4247,Bảo Anh
4248,DIOR
4249,Xiaomi
4250,Xprinter
4251,Earldom
4252,TCL
4253,Uncle Bills
4254,OEM
4255,Elmich
4256,Xprinter
4257,Sanaky
4258,Casper
4259,Vivo
4260,Baseus
4261,Ferroli
4262,AOJIANG SHARK
4263,Tolsen
4264,Dunlop
4265,Auto Focus
4266,Puma
4267,SENMALL
4268,OLSG
4269,Sportslink
4270,MSI
4271,Cisco
4272,Spigen
4273,Fanvil
4274,JYSK
4275,SUMIKURA
4276,Pisen
4277,SAMZHE
4278,Tenda
4279,Juno Sofa
4280,IBIE
4281,Bát Tràng
4282,Befon
4283,Samsung
4284,Rạng Đông
4285,Chí Phèo
4286,Sportslink
4287,Sanaky
4288,Vankyo
4289,TOTOLINK
4290,Vinaphone
4291,Mitsubishi Electric
4292,SanDisk
4293,Photodesign VN
4294,Prowin
4295,Samsung
4296,DXD
4297,BURBERRY
4298,PGM
4299,Dell
4300,Everon
4301,NETTA
4302,Arirang
4303,PKCB
4304,Panasonic
4305,Apple
4306,Panasonic
4307,Onyx Boox
4308,VERSACE
4309,Puma
4310,Asanzo
4311,Tenda
4312,Sharp
4313,Zippo
4314,FEDOLI
4315,DONG DONG
4316,OEM
4317,Thế Giới Tranh Đẹp
4318,OEM
4319,Huawei
4320,SAMZHE
4321,TCL
4322,Alaska
4323,Viettel
4324,Vankyo
4325,Dunlop
4326,Brother
4327,SAMZHE
4328,Adidas
4329,Bảo Anh
4330,Forme
4331,Remax
4332,FEDOLI
4333,Vsmart
4334,VERSACE
4335,HẢI TRIỀU
4336,Vina Case
4337,Remax
4338,GP
4339,Bảo Anh
4340,Zippo
4341,Viettel
4342,Fanvil
4343,Chí Phèo
4344,Just Feel Free
4345,UGREEN
4346,Panasonic
4347,Nillkin
4348,OPPO
4349,PRADA
4350,SPEC
4351,PKCB
4352,TOTOLINK
4353,Salomon
4354,Befon
4355,Handtown
4356,Grandstream
4357,Kingston
4358,Mitsubishi Electric
4359,Prowin
4360,Vankyo
4361,Amazon
4362,Biti's Việt Nam
4363,Mitsubishi Electric
4364,Earldom
4365,Befon
4366,Salomon
4367,Energizer
4368,Mika Coaster
4369,Suntek
4370,Huawei
4371,Befon
4372,HERMÈS
4373,Mitsubishi Electric
4374,Gor
4375,Salomon
4376,Vankyo
4377,Dulux
4378,Rạng Đông
4379,LIDACO
4380,Mobifone
4381,Vina Case
4382,Asus
4383,Nike
4384,HERMÈS
4385,Mira
4386,Vina Case
4387,Stanley
4388,Bavapen
4389,Naturehike
4390,BlackBerry
4391,Photodesign VN
4392,Vtel
4393,GUCCI
4394,PGM
4395,Baseus
4396,DULCETT
4397,Dell
4398,Nokia
4399,Thế Giới Tranh Đẹp
4400,TP-Link
4401,Cisco
4402,SAMZHE
4403,DIOR
4404,Uncle Bills
4405,The Xanh garden supply
4406,Spigen
4407,Joy Collection
4408,Mobell
4409,Asanzo
4410,DAIKIN
4411,Baseus
4412,Energizer
4413,Mira
4414,THT
4415,Dulux
4416,Hitachi
4417,Forme
4418,HẢI TRIỀU
4419,Xprinter
4420,Gor
4421,Total
4422,HERMÈS
4423,Cisco
4424,Befon
4425,SPEC
4426,Uncle Bills
4427,Huawei
4428,JYSK
4429,GUCCI
4430,Bát Tràng
4431,Ferroli
4432,Tiến Sport
4433,Panasonic
4434,Dell
4435,Prowin
4436,Auto Focus
4437,MONSKY
4438,LIDACO
4439,Hitachi
4440,THT
4441,Song An Eco
4442,LIDACO
4443,Sunhouse
4444,OLSG
4445,Total
4446,North Bayou
4447,Mobifone
4448,MSI
4449,RONALD JACK
4450,Energizer
4451,Dulux
4452,Salomon
4453,Onyx Boox
4454,Hitachi
4455,Realme
4456,HP
4457,Suntek
4458,Amazon
4459,OPPO
4460,Intel
4461,Gor
4462,Brother
4463,Nokia
4464,Dunlop
4465,Orico
4466,Tolsen
4467,Grandstream
4468,Ingco
4469,PKCB
4470,OEM
4471,Handtown
4472,TCL
4473,Masstel
4474,Bát Tràng
4475,OEM
4476,PRADA
4477,Samsung
4478,Auto Focus
4479,Energizer
4480,Vinaphone
4481,Ferroli
4482,Suntek
4483,Samsung
4484,HP
4485,Kindle
4486,IBIE
4487,BOROFONE
4488,Sunhouse
4489,Joy Collection
4490,Uncle Bills
4491,Handtown
4492,Joy Collection
4493,Delta
4494,Ferroli
4495,Onitsuka Tiger
4496,Brother
4497,Joy Collection
4498,Aqua
4499,FEDOLI
4500,Acer
4501,BlackBerry
4502,Juno Sofa
4503,UGREEN
4504,DONG DONG
4505,DULCETT
4506,Asanzo
4507,Photodesign VN
4508,NETTACASE
4509,PGM
4510,Vtel
4511,Tiến Sport
4512,BULBAL
4513,Samsung
4514,Ingco
4515,OEM
4516,ICASE
4517,TOTOLINK
4518,Panasonic
4519,Auto Focus
4520,DAIKIN
4521,Casper
4522,Gree
4523,EPSON
4524,Kawasaki
4525,Tolsen
4526,Kawasaki
4527,LIDACO
4528,Bát Tràng
4529,Vtel
4530,Bát Tràng
4531,TCL
4532,Orico
4533,Amazon
4534,DAIKIN
4535,Samsung
4536,Mika Coaster
4537,Kawasaki
4538,SUMIKURA
4539,Masstel
4540,Ingco
4541,Electrolux
4542,Vtel
4543,Toshiba
4544,Delta
4545,BlackBerry
4546,Sunhouse
4547,Stanley
4548,Brother
4549,BULBAL
4550,Ferroli
4551,Samsung
4552,Baseus
4553,Goldseee
4554,Likebook
4555,AOJIANG SHARK
4556,HP
4557,Sunhouse
4558,Lock&Lock
4559,Asus
4560,OPPO
4561,Just Feel Free
4562,IBIE
4563,Toshiba
4564,The Xanh garden supply
4565,The Xanh garden supply
4566,Onitsuka Tiger
4567,Earldom
4568,Prowin
4569,UAG
4570,Fanvil
4571,Bảo Anh
4572,Ingco
4573,Bphone
4574,The Xanh garden supply
4575,VERSACE
4576,Huawei
4577,Kindle
4578,Asanzo
4579,Auto Focus
4580,Huawei
4581,OEM
4582,MONSKY
4583,Energizer
4584,MONSKY
4585,Thuận Phong
4586,Xprinter
4587,Panasonic
4588,Kingston
4589,Intex
4590,OEM
4591,Đại Nam Sport
4592,Xprinter
4593,NETTA
4594,SAMZHE
4595,Suntek
4596,Photodesign VN
4597,Cisco
4598,Unitek
4599,Asus
4600,UAG
4601,Mitsubishi
4602,Cisco
4603,Vinaphone
4604,Tottocase
4605,Dunlop
4606,DXD
4607,Sharp
4608,Orico
4609,OPPO
4610,NETTA
4611,JYSK
4612,Vina Case
4613,DAIKIN
4614,TP-Link
4615,Sharp
4616,Juno Sofa
4617,Nike
4618,NETTA
4619,MSI
4620,RONALD JACK
4621,Baseus
4622,ANTA
4623,PRADA
4624,Onyx Boox
4625,Likgus
4626,Juno Sofa
4627,North Bayou
4628,OEM
4629,OEM
4630,Nike
4631,Arirang
4632,Biti's Việt Nam
4633,UAG
4634,TOTOLINK
4635,GP
4636,Onitsuka Tiger
4637,Vina Case
4638,Bát Tràng
4639,Ariston
4640,nhaxiko
4641,DONG DONG
4642,DAIKIN
4643,HP
4644,Sanaky
4645,BULBAL
4646,LG
4647,Onitsuka Tiger
4648,ANTA
4649,GP
4650,Behringer
4651,SanDisk
4652,Vina Case
4653,Dunlop
4654,Cooler Master
4655,Kindle
4656,Lock&Lock
4657,Bavapen
4658,Sanaky
4659,Canon
4660,The Xanh garden supply
4661,Dell
4662,Nokia
4663,Behringer
4664,Dunlop
4665,Kindle
4666,Vankyo
4667,Lyvystar
4668,Sharp
4669,BlackBerry
4670,Li-Ning
4671,TCL
4672,Goldseee
4673,Onyx Boox
4674,OEM
4675,Samsung
4676,DXD
4677,Thế Giới Tranh Đẹp
4678,DULCETT
4679,Aolikes
4680,Sony
4681,THT
4682,Rạng Đông
4683,Likgus
4684,Vinaphone
4685,Salomon
4686,Canon
4687,VERSACE
4688,UAG
4689,Samsung
4690,Gigabyte
4691,Photodesign VN
4692,Electrolux
4693,MSI
4694,Mika Coaster
4695,LiOA
4696,Puma
4697,Tenda
4698,Sharp
4699,Vankyo
4700,Remax
4701,Ferroli
4702,FEDOLI
4703,ICASE
4704,Vsmart
4705,Kingston
4706,Panasonic
4707,Mitsubishi
4708,OEM
4709,Song An Eco
4710,Brother
4711,OEM
4712,Viettel
4713,GP
4714,Mira
4715,Tiến Sport
4716,OPPO
4717,Aolikes
4718,Samsung
4719,PRADA
4720,Fanvil
4721,Xiaomi
4722,Baseus
4723,Asanzo
4724,Aqua
4725,OPPO
4726,THT
4727,Asus
4728,Joy Collection
4729,Vinaphone
4730,Naturehike
4731,LG
4732,Remax
4733,Delta
4734,OPPO
4735,DIOR
4736,Joy Collection
4737,ICASE
4738,Baseus
4739,Baseus
4740,Vinabox
4741,Puma
4742,Kawasaki
4743,Ingco
4744,DIOR
4745,Brother
4746,OPPO
4747,Zippo
4748,HẢI TRIỀU
4749,RONALD JACK
4750,Bảo Anh
4751,GUCCI
4752,Apple
4753,Ariston
4754,Tenda
4755,Casper
4756,Asus
4757,VERSACE
4758,Likebook
4759,EPSON
4760,Elmich
4761,OLSG
4762,Intex
4763,EPSON
4764,Bphone
4765,Kawasaki
4766,Li-Ning
4767,JYSK
4768,Puma
4769,Chí Phèo
4770,Brother
4771,LIDACO
4772,Vtel
4773,PKCB
4774,Kawasaki
4775,AOJIANG SHARK
4776,Vina Case
4777,Bảo Anh
4778,TCL
4779,Vinabox
4780,Cooler Master
4781,Li-Ning
4782,Sportslink
4783,Uncle Bills
4784,Đại Nam Sport
4785,Mira
4786,Cisco
4787,BlackBerry
4788,Joy Collection
4789,Song An Eco
4790,Bavapen
4791,Thế Giới Tranh Đẹp
4792,Aqua
4793,Vina Case
4794,AOJIANG SHARK
4795,Intel
4796,Gigabyte
4797,nhaxiko
4798,PGM
4799,Vinabox
4800,Sony
4801,Arirang
4802,Kingston
4803,Total
4804,Tenda
4805,TOTOLINK
4806,Xprinter
4807,Salomon
4808,BULBAL
4809,TCL
4810,Cisco
4811,Grandstream
4812,GP
4813,Tolsen
4814,EPSON
4815,Electrolux
4816,OEM
4817,MONSKY
4818,HẢI TRIỀU
4819,Salomon
4820,Auto Focus
4821,SENMALL
4822,Vivo
4823,Song An Eco
4824,Handtown
4825,Energizer
4826,Mika Coaster
4827,Onitsuka Tiger
4828,TP-Link
4829,Thế Giới Tranh Đẹp
4830,OEM
4831,Rạng Đông
4832,Onyx Boox
4833,PRADA
4834,Panasonic
4835,Joy Collection
4836,Prowin
4837,Uncle Bills
4838,Asus
4839,GP
4840,OEM
4841,Biti's Việt Nam
4842,Chí Phèo
4843,North Bayou
4844,Befon
4845,GUCCI
4846,BURBERRY
4847,Remax
4848,Unitek
4849,Tottocase
4850,Xiaomi
4851,Mobell
4852,Vinaphone
4853,Huawei
4854,Asus
4855,TP-Link
4856,Panasonic
4857,Vankyo
4858,Mitsubishi Electric
4859,JYSK
4860,Auto Focus
4861,DAIKIN
4862,Thế Giới Tranh Đẹp
4863,Joy Collection
4864,Onitsuka Tiger
4865,OPPO
4866,TOTOLINK
4867,Đại Nam Sport
4868,Goldseee
4869,Mitsubishi Electric
4870,PGM
4871,GUCCI
4872,TOTOLINK
4873,Delta
4874,Joy Collection
4875,Canon
4876,Asus
4877,Juno Sofa
4878,Dell
4879,ICASE
4880,Bphone
4881,Panasonic
4882,Fanvil
4883,Spigen
4884,Puma
4885,Chí Phèo
4886,OLSG
4887,Bphone
4888,Bphone
4889,Energizer
4890,Baseus
4891,Auto Focus
4892,BOROFONE
4893,Kindle
4894,Energizer
4895,UGREEN
4896,WD
4897,nhaxiko
4898,DONG DONG
4899,Sunhouse
4900,Apple
4901,TCL
4902,nhaxiko
4903,Onyx Boox
4904,OEM
4905,Amazon
4906,Vtel
4907,Rạng Đông
4908,Mobell
4909,Intel
4910,DIOR
4911,SENMALL
4912,BELLPLUS
4913,Lyvystar
4914,Li-Ning
4915,Nillkin
4916,Masstel
4917,Toshiba
4918,HẢI TRIỀU
4919,Suntek
4920,LIDACO
4921,LiOA
4922,Likgus
4923,ANTA
4924,Joy Collection
4925,Masstel
4926,Adidas
4927,WD
4928,Baseus
4929,Pisen
4930,EPSON
4931,Bphone
4932,Onyx Boox
4933,Masstel
4934,Arirang
4935,Elmich
4936,Asanzo
4937,OEM
4938,AOJIANG SHARK
4939,BOROFONE
4940,Pisen
4941,AOJIANG SHARK
4942,Samsung
4943,Fanvil
4944,Cisco
4945,CHANEL
4946,Samsung
4947,Sportslink
4948,Unitek
4949,Joy Collection
4950,OEM
4951,Prowin
4952,ICASE
4953,PGM
4954,Kindle
4955,LG
4956,Stanley
4957,THT
4958,SUMIKURA
4959,The Xanh garden supply
4960,Aolikes
4961,Samsung
4962,Gree
4963,Intex
4964,TOTOLINK
4965,Asus
4966,Ferroli
4967,LG
4968,Biti's Việt Nam
4969,Song An Eco
4970,Suntek
4971,HERMÈS
4972,Just Feel Free
4973,LiOA
4974,Naturehike
4975,Vtel
4976,JYSK
4977,Casper
4978,OLSG
4979,Joy Collection
4980,RONALD JACK
4981,PRADA
4982,SENMALL
4983,nhaxiko
4984,Mobell
4985,Mitsubishi Electric
4986,DULCETT
4987,Airsport
4988,EPSON
4989,Vivo
4990,TOTOLINK
4991,LG
4992,Bát Tràng
4993,OEM
4994,Gigabyte
4995,Toshiba
4996,Ferroli
4997,Hoco
4998,Samsung
4999,Gree
5000,Ingco
